id,project_id,file_name,file_type,status
1,1,Interview_Questions.pdf,pdf,SUCCEEDED
2,1,README.md,md,SUCCEEDED
3,1,Thematic_Summary_Table-_Running_with_Rheumatoid_Arthritis-_A_Qualitative_Study_of_Australian_Rheumatologists’_Perceptions_and_Recommendations.pdf,pdf,SUCCEEDED
4,2,Dr_Akinyemi_PhD_Updated_19_6_27042020.nvp,nvp,SUCCEEDED
5,2,Supplementary_file_1.pdf,pdf,SUCCEEDED
6,2,Supplementary_file_2.pdf,pdf,SUCCEEDED
7,3,HIP data NMJ et al Dryad .xlsx,xlsx,SUCCEEDED
8,4,110122_1C-1-A_Supplementary_Materials_Section_S8.xlsx,xlsx,SUCCEEDED
9,4,FINAL_250523_Data.xlsx,xlsx,SUCCEEDED
10,4,Final_Universal_Script_6th_May_2024.R,r,SUCCEEDED
11,4,README.md,md,SUCCEEDED
12,4,Survey1_(NVivo_R1).nvpx,nvpx,FAILED_TOO_LARGE
13,5,annotated_leaves.zip,zip,FAILED_TOO_LARGE
14,5,README.md,md,SUCCEEDED
15,6,Supplementary file-data.docx,docx,SUCCEEDED
16,7,Acne PSP harvesting survey patient version no identifiers 230315.xlsx,xlsx,SUCCEEDED
17,7,Acne PSP harvesting survey professional version no identifiers 220315.xlsx,xlsx,SUCCEEDED
18,8,Delirium management ICU Sociodemographic and ICU data Dryad.xlsx,xlsx,SUCCEEDED
19,9,Interview_data_on_barriers_to_home_exercise_for_patients_with_Parkinson’_s_disease.csv,csv,SUCCEEDED
20,9,README.md,md,SUCCEEDED
21,10,Additional thematised quotations.pdf,pdf,SUCCEEDED
22,10,Interview topic guide.pdf,pdf,SUCCEEDED
23,11,GP Interviews 14.10.17.rar,rar,SUCCEEDED
24,12,Development of PBT.xlsx,xlsx,SUCCEEDED
25,12,Round 1 Freetext responses.xlsx,xlsx,SUCCEEDED
26,12,Round 2 Combined Responses.xlsx,xlsx,SUCCEEDED
27,12,Round 3 Scoring Sheet_Combined Electronic and Paper.xlsx,xlsx,SUCCEEDED
28,12,Superconsensus (Round 3).xlsx,xlsx,SUCCEEDED
29,13,Transcripts.docx,docx,SUCCEEDED
30,14,Pharma coding final-Sept 1.docx,docx,SUCCEEDED
31,15,From Strategy to Action Qualitative Data summary- Chelagat Tecla.xlsx,xlsx,SUCCEEDED
32,16,Articles_excluded_at_full_text_screening.xlsx,xlsx,SUCCEEDED
33,16,Articles_included_in_analysis.xlsx,xlsx,SUCCEEDED
34,16,Data_extraction__analysis_and_presentation.xlsx,xlsx,SUCCEEDED
35,16,Full_text_screening.xlsx,xlsx,SUCCEEDED
36,16,README.md,md,SUCCEEDED
37,16,README.md.docx,docx,SUCCEEDED
38,16,Screening_of_grey_literature.xlsx,xlsx,SUCCEEDED
39,16,Study_selection_flow_diagram.pdf,pdf,SUCCEEDED
40,16,Title_and_asbract_screening.xlsx,xlsx,SUCCEEDED
41,17,README.md,md,SUCCEEDED
42,17,Thematic_analysis-_Code3-4.xlsx.zip,zip,SUCCEEDED
43,18,Consent_Form_Kenya_Verbal.pdf,pdf,SUCCEEDED
44,18,Consent_Form_Written_and_Verbal.pdf,pdf,SUCCEEDED
45,18,Guide_FGD_Community_Member_Female_2013.docx,docx,SUCCEEDED
46,18,Guide_FGD_Community_Member_Male_2013.docx,docx,SUCCEEDED
47,18,Guide_IDI_Franchise_Patient_2013.docx,docx,SUCCEEDED
48,18,Guide_IDI_Franchise_Patient_2016.docx,docx,SUCCEEDED
49,18,Guide_IDI_Franchise_Patient_2017.docx,docx,SUCCEEDED
50,18,Guide_IDI_Franchise_Patient_Ghana_2018.docx,docx,SUCCEEDED
51,18,Guide_IDI_Franchise_Provider__Ghana_2018.docx,docx,SUCCEEDED
52,18,Guide_IDI_Franchise_Provider_2013.docx,docx,SUCCEEDED
53,18,Guide_IDI_Franchise_Provider_Kenya_2017.docx,docx,SUCCEEDED
54,18,Guide_IDI_Franchise_Provider_Kenya_2018.docx,docx,SUCCEEDED
55,18,Guide_IDI_Implementer_2019.docx,docx,SUCCEEDED
56,18,Guide_IDI_NHI_2019.docx,docx,SUCCEEDED
57,18,Guide_IDI_Non-Franchise_Provider_Kenya_2017.docx,docx,SUCCEEDED
58,18,Guide_IDI_Non-Franchise_Provider_Kenya_2018.docx,docx,SUCCEEDED
59,18,Guide_IDI_Stakeholders_2013.docx,docx,SUCCEEDED
60,18,Guide_IDI_Stakeholders_global_2019.docx,docx,SUCCEEDED
61,19,README.md,md,SUCCEEDED
62,19,S2_file_upd.xlsx,xlsx,SUCCEEDED
63,19,S3_file_upd.xlsx,xlsx,SUCCEEDED
64,20,Qual data table for manuscript data sharing.xlsx,xlsx,SUCCEEDED
65,21,4._COREQ_(COnsolidated_criteria_for_REporting_Qualitative_research)_Checklist.pdf,pdf,SUCCEEDED
66,21,Extended_data_for_the_article_Development_and_application_of_a_hybrid_implementation_research_framework_to_understand_success_in_reducing_under-5_mortality_in_Rwanda.odt,odt,SUCCEEDED
67,22,Clean Transcripts 3.zip,zip,SUCCEEDED
68,22,README_for_Clean Transcripts 3.txt,txt,SUCCEEDED
69,23,Doumayrou et al_Arabidopsis_thaliana_data.xls,xls,SUCCEEDED
70,23,Doumayrou et al_Brassica_rapa_data.xls,xls,SUCCEEDED
71,23,README_for_Doumayrou et al_Arabidopsis_thaliana_data.doc,doc,SUCCEEDED
72,23,README_for_Doumayrou et al_Brassica_rapa_data.doc,doc,SUCCEEDED
73,24,Extended_Data_Leanne_Ahern.docx,docx,SUCCEEDED
74,24,README.md,md,SUCCEEDED
75,25,Mandatory Reporting Meta-Synthesis - Extracted Data Coded.xls.xlsx,xlsx,SUCCEEDED
76,26,README.md,md,SUCCEEDED
77,26,WAQO_BORU_2023_RAW_DATA_23JUNE24.xlsx,xlsx,SUCCEEDED
78,27,Delphi_Study_Summary_Template_ME-WE__Slovenia_4.6.2018.docx,docx,SUCCEEDED
79,27,Good_quotes_report_Slovenia.docx,docx,SUCCEEDED
80,27,Summary_ITALY.docx,docx,SUCCEEDED
81,27,Summary_ME-WE_NL.docx,docx,SUCCEEDED
82,27,Summary_Me-WE_Swiz.docx,docx,SUCCEEDED
83,27,Summary_SWE.docx,docx,SUCCEEDED
84,27,Summary_Template_ME-WE_EU.docx,docx,SUCCEEDED
85,27,Summary_UK.txt,txt,SUCCEEDED
86,28,Additional_file1.docx,docx,SUCCEEDED
87,28,Jean_Louis_Coded_Data_File---1.xlsx,xlsx,SUCCEEDED
88,28,Jean_Louis_row_data_File---1.xlsx,xlsx,SUCCEEDED
89,28,README.md,md,SUCCEEDED
90,29,Methodological_approach_to_generate_reflection_and_reflective_notes.docx,docx,SUCCEEDED
91,30,Combined__summarised_scoring_data_for_achive_21.10.25.csv,csv,SUCCEEDED
92,30,README.md,md,SUCCEEDED
93,31,fig_s08.m,m,SUCCEEDED
94,31,fig2_current.m,m,SUCCEEDED
95,31,Fig3_v2.m,m,SUCCEEDED
96,31,fig4.m,m,SUCCEEDED
97,31,FigS11_current.m,m,SUCCEEDED
98,31,FigS4_current.m,m,SUCCEEDED
99,31,FigS5_current.m,m,SUCCEEDED
100,31,figS6.m,m,SUCCEEDED
101,31,figS7_current.m,m,SUCCEEDED
102,31,Figure9_grav_topo_v4.csh,csh,SUCCEEDED
103,31,Ltest_dT_PZ_direct_num.mat,mat,SUCCEEDED
104,31,model_PZ_direct_num_2D.mat,mat,SUCCEEDED
105,31,model_PZ_direct_num_DEEP.mat,mat,SUCCEEDED
106,31,model_PZ_direct_num.mat,mat,SUCCEEDED
107,31,PZ_direct_num.dat,dat,SUCCEEDED
108,31,README.txt,txt,SUCCEEDED
109,31,stations_PZ.dat,dat,SUCCEEDED
110,31,supfig3.m,m,SUCCEEDED
111,31,supfigS10.m,m,SUCCEEDED
112,31,synth_model_PZ_direct_num_checker.mat,mat,SUCCEEDED
113,32,De-identified_Inteview_Data.zip,zip,SUCCEEDED
114,32,DTC_study_data_from_CHAI_Ethiopia_CSP_Endline_Assessment_(HC)_de-identifies-2.csv,csv,SUCCEEDED
115,32,DTC_study_data_from_CHAI_Ethiopia_CSP_Endline_Assessment_(HC)_de-identifies.csv,csv,SUCCEEDED
116,32,DTC_Supportive_Supervision_CHAI_Ethiopia_(HC)_Data_(de-identified).csv,csv,SUCCEEDED
117,32,DTC_Training_Database_CHAI_Ethiopia_De-identified.csv,csv,SUCCEEDED
118,32,Readme_DTC_Study_Dataset.docx,docx,SUCCEEDED
119,32,supplementary_information.zip,zip,SUCCEEDED
120,33,HAZEL_SPSS_DATA_.sav,sav,SUCCEEDED
121,33,README.md,md,SUCCEEDED
122,34,COREQ_checklist__Valérie_Rocchi.pdf,pdf,FAILED_SERVER_UNRESPONSIVE
123,34,Guide_d_entretien.pdf,pdf,FAILED_SERVER_UNRESPONSIVE
124,34,Project_1-synthesis.pdf,pdf,FAILED_SERVER_UNRESPONSIVE
125,34,Project_2-synthesis.pdf,pdf,FAILED_SERVER_UNRESPONSIVE
126,34,Project_3-synthesis.pdf,pdf,FAILED_SERVER_UNRESPONSIVE
127,34,Project_4-synthesis.pdf,pdf,FAILED_SERVER_UNRESPONSIVE
128,34,Read_me.pdf,pdf,FAILED_SERVER_UNRESPONSIVE
129,34,Semi-structured_Interview_guidelines.pdf,pdf,FAILED_SERVER_UNRESPONSIVE
130,35,README.md,md,FAILED_SERVER_UNRESPONSIVE
131,35,Uganda_Int_HIV_HTN_baseline_EUopensci.datadictionary.v3.xlsx,xlsx,FAILED_SERVER_UNRESPONSIVE
132,35,Uganda_Int_HIV_HTN_baseline_EUopensci.deident.v3.csv,csv,FAILED_SERVER_UNRESPONSIVE
133,36,README.md,md,FAILED_SERVER_UNRESPONSIVE
134,36,Virag_Karadi_2023_CONODONTS_element_contours.csv,csv,FAILED_SERVER_UNRESPONSIVE
135,36,Virag_Karadi_2023_CONODONTS_element_FD_PCA_scores.csv,csv,FAILED_SERVER_UNRESPONSIVE
136,36,Virag_Karadi_2023_CONODONTS_element_Fourier_descriptors.csv,csv,FAILED_SERVER_UNRESPONSIVE
137,36,Virag_Karadi_2023_CONODONTS_element_landmarks.csv,csv,FAILED_SERVER_UNRESPONSIVE
138,36,Virag_Karadi_2023_CONODONTS_element_LM_PCA_scores.csv,csv,FAILED_SERVER_UNRESPONSIVE
139,36,Virag_Karadi_2023_CONODONTS_info.csv,csv,SUCCEEDED
140,36,Virag_Karadi_2023_CONODONTS_keel_contours.csv,csv,SUCCEEDED
141,36,Virag_Karadi_2023_CONODONTS_keel_FD_PCA_scores.csv,csv,SUCCEEDED
142,36,Virag_Karadi_2023_CONODONTS_keel_Fourier_descriptors.csv,csv,SUCCEEDED
143,36,Virag_Karadi_2023_CONODONTS_keel_landmarks.csv,csv,SUCCEEDED
144,36,Virag_Karadi_2023_CONODONTS_keel_LM_PCA_scores.csv,csv,SUCCEEDED
145,36,Virag_Karadi_2023_CONODONTS_labels_for_R.csv,csv,SUCCEEDED
146,36,Virag_Karadi_2023_CONODONTS_PC1_PC2_convex_hull_overlaps.csv,csv,SUCCEEDED
147,37,BMJ Open submission supplementary material BF18112011.docx,docx,SUCCEEDED
148,37,PRISMA checklist BF18112011.docx,docx,SUCCEEDED
149,38,Andrew fgd1.DS2_CA_Eng.docx,docx,SUCCEEDED
150,38,Andrew fgd2.DS2_DM_Eng.docx,docx,SUCCEEDED
151,38,README_for_Andrew fgd1.DS2_CA_Eng.docx,docx,SUCCEEDED
152,38,README_for_Andrew fgd2.DS2_DM_Eng.docx,docx,SUCCEEDED
153,39,Student_Responses.docx,docx,SUCCEEDED
154,40,Anonymized_Researcher_Interview_Data-Raising_the_Profile.xlsx,xlsx,SUCCEEDED
155,41,1_The_3-D_plot_of_a_CG_lightning_simulated_by_an_improved_model.fig,fig,SUCCEEDED
156,41,2.1_Scenario_A_-Multiple_upward_leaders_initiate_almost_simultaneously.fig,fig,SUCCEEDED
157,41,2.2_Scenario_B_-The_second_leader_is_triggered_much_later_than_the_first_one.fig,fig,SUCCEEDED
158,41,2.3_Scenario_C_-A_single_upward_leader_with_short_length_occurs_on_structure.fig,fig,SUCCEEDED
159,41,2.4_Scenario_D_-The_structure_launches_only_one_long-length_upward_leader.fig,fig,SUCCEEDED
160,41,3.1_A_3-D_CG_flash_event_with_two_leaders_and_its_2D_projection_onto_the_x-y_plane..fig,fig,SUCCEEDED
161,41,3.2_The_variation_of_electric_field_at_four_top_corners_with_downward_leader_propagation.fig,fig,SUCCEEDED
162,41,3.3_The_weight_distance_between_lightning_and_four_top_corners_varies_with_lightning_propagation.fig,fig,SUCCEEDED
163,41,3.4_The_variation_of_electric_field_produced_by_positive_leader_with_its_length__and_the_propagation_direction_of_the_upward_leader.fig,fig,SUCCEEDED
164,41,4_The_difference_in_the_average_weighted_distance_between_lightning_to_the_corners_with_the_fastest_and_second_fastest_increasing_electric_field_in_four_scenarios.fig,fig,SUCCEEDED
165,41,5.1_Electric_field_change_at_four_top_corners_with_leader_extension_in_a_case.fig,fig,SUCCEEDED
166,41,5.2_Electric_field_change_at_four_top_corners_with_leader_extension_in_another_case.fig,fig,SUCCEEDED
167,41,6.1_The_effect_of_lightning_on_the_electric_fields_at_the_top_corners_in_four_scenarios.fig,fig,SUCCEEDED
168,41,6.2_The_effect_of_upward_leader_on_the_electric_fields_at_the_top_corners_in_four_scenarios.fig,fig,SUCCEEDED
169,41,7.1_Variation_of_electric_fields_at_the_top_corners_in_a_case_of_scenario_A.fig,fig,SUCCEEDED
170,41,7.2_Variation_of_electric_fields_at_the_top_corners_in_a_case_of_scenario_B.fig,fig,SUCCEEDED
171,41,7.3_Variation_of_electric_fields_at_the_top_corners_in_a_case_of_scenario_C.fig,fig,SUCCEEDED
172,41,7.4_Variation_of_electric_fields_at_the_top_corners_in_a_case_of_scenario_D.fig,fig,SUCCEEDED
173,41,8_The_distribution_of__the_time_interval_from_leader_initiation_to_final_jump_in_two_scenarios.fig,fig,SUCCEEDED
174,41,9_The_computation_time_of_GPU_and_CPU_under_different_grid_and_iteration_accuracy.fig,fig,SUCCEEDED
175,42,Begging_call_mimicry_-_MLR_and_DFA.R,r,SUCCEEDED
176,42,begging_call_parameters_forR.csv,csv,SUCCEEDED
177,42,begging_call_parameters_forR.xlsx,xlsx,SUCCEEDED
178,42,Compare_call_structure_between_hosts_and_parasites.R,r,SUCCEEDED
179,42,Comparing_mouthmarking_spot_area.R,r,SUCCEEDED
180,42,ConeCaptures_&_Means.csv,csv,SUCCEEDED
181,42,ConeCaptures_&_Means.xlsx,xlsx,SUCCEEDED
182,42,Imperfect_mouth_marking_colour_mimicry.R,r,SUCCEEDED
183,42,MLR_and_DFA_on_begging_calls.R,r,SUCCEEDED
184,42,Mouth_marking_colour_mimicry_-_MLR_and_DFA.R,r,SUCCEEDED
185,42,Parasite_host_mouth_spotsize_comparison.csv,csv,SUCCEEDED
186,42,Patternize_analysis.R,r,SUCCEEDED
187,43,Local_Adaptation_meta-analysis_scripts.R,r,SUCCEEDED
188,43,ReadMe.txt,txt,SUCCEEDED
189,43,SMD_bio-v-abio.txt,txt,SUCCEEDED
190,43,SMD_loc-v-for.txt,txt,SUCCEEDED
191,43,SMD_pres-v-abs.txt,txt,SUCCEEDED
192,44,AppendixSurveyResults.docx,docx,SUCCEEDED
193,45,Amazon_and_Hybrid_data_for_depository.xlsx,xlsx,SUCCEEDED
194,46,unet_dlituiev_2019-05-17.h5,h5,SUCCEEDED
195,47,Data.xls,xls,SUCCEEDED
196,47,README.txt,txt,SUCCEEDED
197,48,Flower_Pollinator_Divergence.zip,zip,SUCCEEDED
198,48,README.md,md,SUCCEEDED
199,49,All_Data_for_Systematic_Review.zip,zip,SUCCEEDED
200,49,README.md,md,SUCCEEDED
201,50,Participant_Information.csv,csv,SUCCEEDED
202,50,Participant_Information.pdf,pdf,SUCCEEDED
203,50,README.md,md,SUCCEEDED
204,50,Study_1_Interview_Protocol_Workarounds_and_GenAI.pdf,pdf,SUCCEEDED
205,50,Study_2_Interview_Protocol_GenAI_Utilization_in_the_Workplace.pdf,pdf,SUCCEEDED
206,51,README.md,md,SUCCEEDED
207,51,Responses_anonymised.xlsx,xlsx,SUCCEEDED
208,52,Benchmarking_comparativo_de_plantillas_de-PGDI_argos_ENGLISH_SPANISH2023-2024-_Comparativa_de_plantillas.csv,csv,SUCCEEDED
209,52,Benchmarking_comparativo_de_plantillas_de-PGDI_argos_ENGLISH_SPANISH2023-2024-_Depuración.csv,csv,SUCCEEDED
210,52,Benchmarking_comparativo_de_plantillas_de-PGDI_argos_ENGLISH_SPANISH2023-2024.xlsx,xlsx,SUCCEEDED
211,52,Dataset_of_Data_Management_PlaN-DMP_Towards_More_Efficient_Scientific_Management_at_the_José_Simeón_Cañas_Central_American_University.zip,zip,SUCCEEDED
212,52,README.md,md,SUCCEEDED
213,53,Design_Studio_2.pdf,pdf,SUCCEEDED
214,53,Prompt_Training.pdf,pdf,SUCCEEDED
215,53,README.md,md,SUCCEEDED
216,54,F1000 data - Dryad.txt,txt,SUCCEEDED
217,54,Wellcome Trust data - Dryad.txt,txt,SUCCEEDED
218,55,Online_Supplemental_Material-2020-01-05-RDC_rev.-pdf.pdf,pdf,SUCCEEDED
219,56,Interview_Guide_Main.docx.docx,docx,SUCCEEDED
220,56,README.md,md,SUCCEEDED
221,57,README_for_TimeSeries.txt,txt,SUCCEEDED
222,57,TimeSeries.zip,zip,SUCCEEDED
223,58,FC001_dryad.docx,docx,SUCCEEDED
224,58,FC002_dryad.doc,doc,SUCCEEDED
225,58,FC003_dryad.doc,doc,SUCCEEDED
226,58,FC004_dryad.doc,doc,SUCCEEDED
227,58,FC005_dryad.doc,doc,SUCCEEDED
228,58,FC006_dryad.docx,docx,SUCCEEDED
229,58,FC007_dryad.doc,doc,SUCCEEDED
230,58,FC008_dryad.doc,doc,SUCCEEDED
231,58,FC009_dryad.doc,doc,SUCCEEDED
232,58,FC010_dryad.doc,doc,SUCCEEDED
233,58,FC011_dryad.doc,doc,SUCCEEDED
234,58,FC012_dryad.doc,doc,SUCCEEDED
235,58,FC013_dryad.doc,doc,SUCCEEDED
236,58,FC014_dryad.doc,doc,SUCCEEDED
237,58,FC015_dryad.doc,doc,SUCCEEDED
238,58,FC016_dryad.doc,doc,SUCCEEDED
239,58,FC017_dryad.doc,doc,FAILED_SERVER_UNRESPONSIVE
240,58,GA001_dryad.docx,docx,FAILED_SERVER_UNRESPONSIVE
241,58,GA002_dryad.docx,docx,FAILED_SERVER_UNRESPONSIVE
242,58,GA003_dryad.docx,docx,FAILED_SERVER_UNRESPONSIVE
243,59,README.md,md,FAILED_SERVER_UNRESPONSIVE
244,59,Supplementary_Data_For_Black_Cumin_Diversity_Trial.xlsx,xlsx,FAILED_SERVER_UNRESPONSIVE
245,60,Coach_Feedback_Likert_Scale_1-4.xls,xls,FAILED_SERVER_UNRESPONSIVE
246,60,High_School_Students_Feedback_Likert_Scale_1-4_Dryad.xls,xls,FAILED_SERVER_UNRESPONSIVE
247,60,README.md,md,FAILED_SERVER_UNRESPONSIVE
248,61,Data_analysis_views_on_stroke_animal_models.xlsx,xlsx,FAILED_SERVER_UNRESPONSIVE
249,61,S1_Papers_included_in_the_analysis.docx,docx,FAILED_SERVER_UNRESPONSIVE
250,61,S2_Causes_of_translational_problems_including_sub-categories.docx,docx,FAILED_SERVER_UNRESPONSIVE
251,61,S3_Recommendations_including_sub-categories.docx,docx,FAILED_SERVER_UNRESPONSIVE
252,62,DER_measurements.txt,txt,FAILED_SERVER_UNRESPONSIVE
253,62,KruegerScottScores.txt,txt,FAILED_SERVER_UNRESPONSIVE
254,62,README.md,md,FAILED_SERVER_UNRESPONSIVE
255,63,Transcripts_TN_Kerala.doc,doc,SUCCEEDED
256,64,Dataset_Extent_and_types_of_gender-based_discrimination_against_female_medical_students_and_physicians_at_five_university_hospitals_in_Germany_-_Results_of_an_online_survey.xlsx,xlsx,SUCCEEDED
257,64,README.md,md,SUCCEEDED
258,65,ASamuelson_land classification in pollinator ecology_data.csv,csv,SUCCEEDED
259,66,DelphiPanelTSBMCriteria_DATAfull6.16.2025.csv,csv,SUCCEEDED
260,66,README.md,md,SUCCEEDED
261,67,AG_Supporting_Information_Seagrass_Loss_UK.xlsx,xlsx,SUCCEEDED
262,67,GREEN_HISTORICALSEAGRASS_Readme.txt,txt,SUCCEEDED
263,68,README.md,md,SUCCEEDED
264,68,SUPP_INFO_3_Systematic_Map_Database.xlsx,xlsx,SUCCEEDED
265,69,1_Code_VOI.m,m,SUCCEEDED
266,69,2_Code_EVPXI.m,m,SUCCEEDED
267,69,3_Code_Figure.R,r,SUCCEEDED
268,69,README_for_1_Code_VOI.md,md,SUCCEEDED
269,70,README_SPENCE_BIO_LETTERS_DATASET.txt,txt,SUCCEEDED
270,70,Spence_Data_Sub.xlsx,xlsx,SUCCEEDED
271,71,Anderson_Additional_Data_and_Results_ESM2.xlsx,xlsx,SUCCEEDED
272,71,README.md,md,SUCCEEDED
273,72,brockett-soilc-suppdata (1).zip,zip,SUCCEEDED
274,72,qual data.zip,zip,SUCCEEDED
275,73,Acanthis_flammea_43056.tif,tif,SUCCEEDED
276,73,Acrocephalus_palustris_23162.tif,tif,SUCCEEDED
277,73,Acrocephalus_schoenobaenus_43505.tif,tif,SUCCEEDED
278,73,Agelaius_phoeniceus_9380.tif,tif,SUCCEEDED
279,73,Ammospiza_caudacuta_92027.tif,tif,SUCCEEDED
280,73,Anthus_pratensis_43221.tif,tif,SUCCEEDED
281,73,BackgroundCellsMeasurements.csv,csv,SUCCEEDED
282,73,BirdTreeoutput.nex,nex,SUCCEEDED
283,73,Certhia_familiaris_103495.tif,tif,SUCCEEDED
284,73,Chloris_chloris_45460.tif,tif,SUCCEEDED
285,73,Cinclus_cinclus_86222.tif,tif,SUCCEEDED
286,73,ColumnHeaders.csv,csv,SUCCEEDED
287,73,Cyanistes_teneriffae_25072.tif,tif,SUCCEEDED
288,73,Delichon_urbicum_23112.tif,tif,SUCCEEDED
289,73,Emberiza_citrinella_21761.tif,tif,SUCCEEDED
290,73,Emberiza_schoeniclus_21867.tif,tif,SUCCEEDED
291,73,Erithacus_rubecula_43475.tif,tif,SUCCEEDED
292,73,Euplectes_orix_87644.tif,tif,SUCCEEDED
293,73,Ficedula_albicollis_43605.tif,tif,SUCCEEDED
294,73,Ficedula_hypoleuca_21196.tif,tif,SUCCEEDED
295,74,data.0_env.R,r,SUCCEEDED
296,74,data.1_phyto.R,r,SUCCEEDED
297,74,data.2_zoo.R,r,SUCCEEDED
298,74,data.3_fish.R,r,SUCCEEDED
299,74,data.zip,zip,SUCCEEDED
300,74,figure.1_lakes.map.R,r,SUCCEEDED
301,74,figure.2_richness.R,r,SUCCEEDED
302,74,figure.3_varpart.R,r,SUCCEEDED
303,74,figure.4_systemfit_lavaan.R,r,SUCCEEDED
304,74,function_3-way_varpart_plot.R,r,SUCCEEDED
305,74,function_SpatialCorrect.R,r,SUCCEEDED
306,74,suppl.1_covariates.Rmd,rmd,SUCCEEDED
307,74,suppl.2_phytoplankton_data.Rmd,rmd,SUCCEEDED
308,74,suppl.3_ordinations.Rmd,rmd,SUCCEEDED
309,75,ASCII.zip,zip,SUCCEEDED
310,76,Post_disturbance_recovery_dataset.csv,csv,SUCCEEDED
311,76,README.md,md,SUCCEEDED
312,77,README.md,md,SUCCEEDED
313,77,Weekly_dengue_incidence_env_data.csv,csv,SUCCEEDED
314,78,Copy of PtProvComm_MinimalDatset_RecleanedJul2016B.xlsx,xlsx,SUCCEEDED
315,79,2019-02-07_params_list.txt,txt,SUCCEEDED
316,79,2019-03-14_params_list_run01.txt,txt,SUCCEEDED
317,79,2019-03-14_params_list_run02.txt,txt,SUCCEEDED
318,79,2019-03-14_params_list_run03.txt,txt,SUCCEEDED
319,79,2019-03-14_params_list_run04.txt,txt,SUCCEEDED
320,79,2019-03-14_params_list_run05.txt,txt,SUCCEEDED
321,79,2019-03-14_params_list_run06.txt,txt,SUCCEEDED
322,79,2019-03-14_params_list_run07.txt,txt,SUCCEEDED
323,79,2019-03-14_params_list_run08.txt,txt,SUCCEEDED
324,79,2019-03-14_params_list_run09.txt,txt,SUCCEEDED
325,79,2019-03-14_params_list_run10.txt,txt,SUCCEEDED
326,79,2019-03-14_params_list_run11.txt,txt,SUCCEEDED
327,79,2019-03-14_params_list_run12.txt,txt,SUCCEEDED
328,79,2019-03-14_params_list_run13.txt,txt,SUCCEEDED
329,79,2019-03-14_params_list_run14.txt,txt,SUCCEEDED
330,79,2019-03-14_params_list_run15.txt,txt,SUCCEEDED
331,79,2019-03-14_params_list_run16.txt,txt,SUCCEEDED
332,79,2019-03-14_params_list_run17.txt,txt,SUCCEEDED
333,79,2019-03-14_params_list_run18.txt,txt,SUCCEEDED
334,79,2019-05-07_params_list.txt,txt,SUCCEEDED
335,80,3D_models.zip,zip,SUCCEEDED
336,80,Fixed_LM.zip,zip,SUCCEEDED
337,80,README.md,md,SUCCEEDED
338,80,specimen_info.xlsx,xlsx,SUCCEEDED
339,81,Density_set1_060618_0.70_DL_1_.csv,csv,SUCCEEDED
340,81,Density_set1_060618_0.70_DL_2_.csv,csv,SUCCEEDED
341,81,Density_set1_060618_0.70_DL_3_.csv,csv,SUCCEEDED
342,81,Density_set1_060618_0.70_DL_4_.csv,csv,SUCCEEDED
343,81,Density_set1_060618_0.70_DL_5_.csv,csv,SUCCEEDED
344,81,Density_set1_060618_0.70_DL_6_.csv,csv,SUCCEEDED
345,81,Density_set1_060618_0.70_DL_7_.csv,csv,SUCCEEDED
346,81,Density_set1_060618_0.70_DL_8_.csv,csv,SUCCEEDED
347,81,Density_set1_060618_0.70_DL_9_.csv,csv,SUCCEEDED
348,81,Density_set1_120718_DL_0.27_2_.csv,csv,SUCCEEDED
349,81,Density_set1_120718_DL_0.27_3_.csv,csv,SUCCEEDED
350,81,Density_set1_120718_DL_0.27_4_.csv,csv,SUCCEEDED
351,81,Density_set1_120718_DL_0.27_5_.csv,csv,SUCCEEDED
352,81,Density_set1_120718_DL_0.27_6_.csv,csv,SUCCEEDED
353,81,Density_set1_120718_DL_0.27_7_.csv,csv,SUCCEEDED
354,81,Density_set1_120718_DL_0.27_8_.csv,csv,FAILED_SERVER_UNRESPONSIVE
355,81,Density_set1_120718_DL_0.27_9_.csv,csv,FAILED_SERVER_UNRESPONSIVE
356,81,Density_set1_160618_DL_0.00_1_.csv,csv,FAILED_SERVER_UNRESPONSIVE
357,81,Density_set1_160618_DL_0.00_2_.csv,csv,FAILED_SERVER_UNRESPONSIVE
358,81,Density_set1_160618_DL_0.00_3_.csv,csv,FAILED_SERVER_UNRESPONSIVE
359,82,Literature_Survey.xlsx,xlsx,FAILED_SERVER_UNRESPONSIVE
360,82,README_buckinghamashby2022.txt,txt,FAILED_SERVER_UNRESPONSIVE
361,83,1_queen_male_production_raw_data.csv,csv,SUCCEEDED
362,83,2_cell_building.csv,csv,SUCCEEDED
363,83,3_worker_life_expectancy.csv,csv,SUCCEEDED
364,83,4_worker_reproduction.csv,csv,SUCCEEDED
365,83,README.md,md,SUCCEEDED
366,84,CCFRP_publication_supplemental_data.xlsx,xlsx,SUCCEEDED
367,84,README_for_CCFRP_publication_supplemental_data.pdf,pdf,SUCCEEDED
368,85,cpDNA_matrix.nex,nex,SUCCEEDED
369,85,delphinium_morpho_2.xlsx,xlsx,SUCCEEDED
370,85,delphinium_morpho.txt,txt,SUCCEEDED
371,85,delphinium_morpho(results).txt,txt,SUCCEEDED
372,85,Delphinium_morphometry.r,r,SUCCEEDED
373,85,ESM_1_new.pdf,pdf,SUCCEEDED
374,85,ESM_2_new.pdf,pdf,SUCCEEDED
375,85,ESM_3_new.pdf,pdf,SUCCEEDED
376,85,ESM_4_new.pdf,pdf,SUCCEEDED
377,85,ESM_5_new.pdf,pdf,SUCCEEDED
378,85,ESM_6_new.pdf,pdf,SUCCEEDED
379,85,ESM_7_new.pdf,pdf,SUCCEEDED
380,85,ITS_matrix_FASTA.fas,fas,SUCCEEDED
381,85,ITS_matrix_for_ARLEQUIN.arp,arp,SUCCEEDED
382,85,map.txt,txt,SUCCEEDED
383,85,Recursive_trees_for_Delphinium.r,r,SUCCEEDED
384,85,results_from_ARLEQUIN.xml,xml,SUCCEEDED
385,86,README.md,md,SUCCEEDED
386,86,Review_SPOMs_analyses_2023.R,r,SUCCEEDED
387,86,SPOM_database_column_key.csv,csv,SUCCEEDED
388,86,SPOMs_database_2023.csv,csv,SUCCEEDED
389,87,2018-10-21_Nectar_Data_Climed.csv,csv,SUCCEEDED
390,87,2019-03-22_Spectro_colour_data.csv,csv,SUCCEEDED
391,87,2020-12-17_data_Pheno_CLIMED.csv,csv,SUCCEEDED
392,87,2020-12-18_Seed_mass.csv,csv,SUCCEEDED
393,87,2020-12-18_Seeds_per_fruit.csv,csv,SUCCEEDED
394,87,2021-01-08_CI3.csv,csv,SUCCEEDED
395,87,2021-01-08_LCI3.csv,csv,SUCCEEDED
396,87,2021-01-08_LRO3.csv,csv,SUCCEEDED
397,87,2021-01-08_LTH3.csv,csv,SUCCEEDED
398,87,2021-01-08_RO3.csv,csv,SUCCEEDED
399,87,2021-01-08_TH3.csv,csv,SUCCEEDED
400,87,2021-02-01_Seed_experiment_data.csv,csv,SUCCEEDED
401,87,2021-02-04_Pollinator_observations.csv,csv,SUCCEEDED
402,87,2021-02-07_Pollinator_captures_identification.csv,csv,SUCCEEDED
403,87,2022-07-16_METAFILE.csv,csv,SUCCEEDED
404,87,README.txt,txt,SUCCEEDED
405,88,coord_pop_cha.csv,csv,SUCCEEDED
406,88,coord_pop_sci.csv,csv,SUCCEEDED
407,88,coord_pop_vul.csv,csv,SUCCEEDED
408,88,str_files.zip,zip,SUCCEEDED
409,88,sum_stat.zip,zip,SUCCEEDED
410,89,README.md,md,SUCCEEDED
411,89,song_syl_measurements.txt,txt,SUCCEEDED
412,90,Alternative_tactics_model.R,r,SUCCEEDED
413,90,ART_sims_and_analysis.R,r,SUCCEEDED
414,90,output_ART_success_100reps.csv,csv,SUCCEEDED
415,90,output_directional_100reps.csv,csv,SUCCEEDED
416,90,output_effect_size_100_reps.csv,csv,SUCCEEDED
417,90,output_step_return_100_reps.csv,csv,SUCCEEDED
418,90,README.md,md,SUCCEEDED
419,91,Appendix_S1.csv,csv,SUCCEEDED
420,91,Appendix_S10.csv,csv,SUCCEEDED
421,91,Appendix_S11.csv,csv,SUCCEEDED
422,91,Appendix_S12.csv,csv,SUCCEEDED
423,91,Appendix_S13.csv,csv,SUCCEEDED
424,91,Appendix_S14.csv,csv,SUCCEEDED
425,91,Appendix_S15.csv,csv,SUCCEEDED
426,91,Appendix_S16.csv,csv,SUCCEEDED
427,91,Appendix_S17.csv,csv,SUCCEEDED
428,91,Appendix_S18.csv,csv,SUCCEEDED
429,91,Appendix_S19.csv,csv,SUCCEEDED
430,91,Appendix_S2.csv,csv,SUCCEEDED
431,91,Appendix_S20.csv,csv,SUCCEEDED
432,91,Appendix_S21.csv,csv,SUCCEEDED
433,91,Appendix_S22.csv,csv,SUCCEEDED
434,91,Appendix_S3.csv,csv,SUCCEEDED
435,91,Appendix_S4.csv,csv,SUCCEEDED
436,91,Appendix_S5.csv,csv,SUCCEEDED
437,91,Appendix_S6.csv,csv,SUCCEEDED
438,91,Appendix_S7.csv,csv,SUCCEEDED
439,92,leaf_anatomical_prop_table.xlsx,xlsx,SUCCEEDED
440,93,2022_T.oceanicus_experiment.csv,csv,SUCCEEDED
441,93,Interspike_durations.zip,zip,SUCCEEDED
442,93,README.md,md,SUCCEEDED
443,93,T_oceanicus_video_coord_2022_exp_1.zip,zip,SUCCEEDED
444,93,T_oceanicus_video_coord_2022.zip,zip,SUCCEEDED
445,93,T.oceanicus_river_vs_traffic_JEB.R,r,SUCCEEDED
446,93,TO_AN1_amplitude_analysis_2025.R,r,SUCCEEDED
447,93,TO_AN1_amplitude_measurements_Erik_2025.R,r,SUCCEEDED
448,93,TO_Audiograms_20230410.csv,csv,SUCCEEDED
449,93,TO_song_data_20230410.csv,csv,SUCCEEDED
450,93,TO_spike_analysis_River_comparison.R,r,SUCCEEDED
451,94,code_for_MS.R,r,SUCCEEDED
452,94,dapalg1.csv,csv,SUCCEEDED
453,94,gradostat_dendritic.m,m,SUCCEEDED
454,94,gradostat_linear.m,m,SUCCEEDED
455,94,METAPOP.csv,csv,SUCCEEDED
456,94,model.csv,csv,SUCCEEDED
457,94,README.md,md,SUCCEEDED
458,94,tsgradostats.csv,csv,SUCCEEDED
459,95,Correlation.csv,csv,SUCCEEDED
460,95,Correlationover180.csv,csv,SUCCEEDED
461,95,Correlationunder180.csv,csv,FAILED_SERVER_UNRESPONSIVE
462,95,Melrosefracto.csv,csv,FAILED_SERVER_UNRESPONSIVE
463,95,Melrosefracto.xls,xls,FAILED_SERVER_UNRESPONSIVE
464,95,Orientationtotal.csv,csv,FAILED_SERVER_UNRESPONSIVE
465,95,README.md,md,FAILED_SERVER_UNRESPONSIVE
466,96,Delaplane_et_al._2024_BEAS_colony_strength_data.xls,xls,FAILED_SERVER_UNRESPONSIVE
467,96,Delaplane_et_al._2024_BEAS_observation_hive_data.xlsx,xlsx,FAILED_SERVER_UNRESPONSIVE
468,96,README.md,md,FAILED_SERVER_UNRESPONSIVE
469,97,F.vesiculosus phlorotannin data.xlsx,xlsx,FAILED_SERVER_UNRESPONSIVE
470,97,F.vesiculosus_performance measurements.xls,xls,FAILED_SERVER_UNRESPONSIVE
471,97,Induced resistance in F.vesiculosus_preference_bioassay_data.xlsx,xlsx,FAILED_SERVER_UNRESPONSIVE
472,98,Raw_Counts.tar.gz,gz,FAILED_SERVER_UNRESPONSIVE
473,98,Transcriptome_Assemblies.tar.gz,gz,FAILED_SERVER_UNRESPONSIVE
474,99,amplicon_processing.sh,sh,FAILED_SERVER_UNRESPONSIVE
475,99,Analyze_Amplicon_BestBlast.R,r,FAILED_SERVER_UNRESPONSIVE
476,99,analyze_fecundity_staining.R,r,FAILED_SERVER_UNRESPONSIVE
477,99,FileS1_SupplementaryMethods.docx,docx,SUCCEEDED
478,99,FileS2_IHSdata.txt,txt,SUCCEEDED
479,99,FileS3_FecundityData.txt,txt,SUCCEEDED
480,99,FileS4_BestBlast.txt.zip,zip,SUCCEEDED
481,99,nspf001-deconv.nd2,nd2,SUCCEEDED
482,99,nspf001.nd2,nd2,SUCCEEDED
483,99,nspf005-deconv.nd2,nd2,SUCCEEDED
484,99,nspf005.nd2,nd2,SUCCEEDED
485,99,nspf006-deconv.nd2,nd2,SUCCEEDED
486,99,nspf006.nd2,nd2,SUCCEEDED
487,99,README.md,md,SUCCEEDED
488,99,TableS1_Primers.csv,csv,SUCCEEDED
489,99,TableS2_Strains.csv,csv,SUCCEEDED
490,99,TableS3_ModelComparison.csv,csv,SUCCEEDED
491,100,Code_(J_Royal_Society_Interface)_(2).zip,zip,SUCCEEDED
492,100,Data_(J_Roc_Society_Interface)_(2).zip,zip,SUCCEEDED
493,100,Raw_Pigeon_Flight_Data.zip,zip,FAILED_TOO_LARGE
494,100,README.docx,docx,SUCCEEDED
495,101,Atake_et_al_chondrichMinTissuesRawData_Fig._4B-E.zip,zip,FAILED_TOO_LARGE
496,101,Atake_et_al_chondrichMinTissuesRawData_Fig._4G-J.zip,zip,FAILED_TOO_LARGE
497,101,Atake_et_al_chondrichMinTissuesRawData_Fig._6B.zip,zip,FAILED_TOO_LARGE
498,101,Atake_et_al_chondrichMinTissuesRawData_Fig._6C.zip,zip,FAILED_TOO_LARGE
499,101,Atake_et_al_chondrichMinTissuesRawData_Fig._6E.zip,zip,FAILED_TOO_LARGE
500,101,Atake_et_al_chondrichMinTissuesRawData_Fig._6F.zip,zip,FAILED_TOO_LARGE
501,101,Atake_et_al_chondrichMinTissuesRawData_Fig._6G.zip,zip,FAILED_TOO_LARGE
502,101,Atake_et_al_chondrichMinTissuesRawData_Fig._6H.zip,zip,FAILED_TOO_LARGE
503,101,Atake_et_al_chondrichMinTissuesRawData_Fig._6L.xlsx,xlsx,SUCCEEDED
504,101,Atake_et_al_chondrichMinTissuesRawData_Fig.3A_E.zip,zip,FAILED_TOO_LARGE
505,101,Atake_et_al_chondrichMinTissuesRawData_Fig1H.xlsx,xlsx,SUCCEEDED
506,101,Atake_et_al_chondrichMinTissuesRawData_Figs.1B-G__2C_F__3D_H__5C__6D.zip,zip,FAILED_TOO_LARGE
507,101,Atake_et_al_chondrichMinTissuesRawData_Figs.2A_D__3B_F__5A.zip,zip,FAILED_TOO_LARGE
508,101,Atake_et_al_chondrichMinTissuesRawData_Figs.2B_E__3C_G__5B.zip,zip,FAILED_TOO_LARGE
509,101,README.md,md,SUCCEEDED
510,101,Synchrotron_Radiation_projection_phaseCT_Recon_Template.PNG,png,SUCCEEDED
511,102,1_Interview_Shared.docx,docx,SUCCEEDED
512,102,12_Interview_Shared.docx,docx,SUCCEEDED
513,102,13_Interview_Shared.docx,docx,SUCCEEDED
514,102,14_Interview_Shared.docx,docx,SUCCEEDED
515,102,16_Interview_Shared.docx,docx,SUCCEEDED
516,102,17_Interview_Shared.docx,docx,SUCCEEDED
517,102,18_Interview_Shared.docx,docx,SUCCEEDED
518,102,20_Interview_Shared.docx,docx,SUCCEEDED
519,102,21_Interview_Shared.docx,docx,SUCCEEDED
520,102,24_Interview_Shared.docx,docx,SUCCEEDED
521,102,28_Interview_Shared.docx,docx,SUCCEEDED
522,102,4_Interview_Shared.docx,docx,SUCCEEDED
523,102,6_Inteview_Shared.docx,docx,SUCCEEDED
524,102,7_Interview_Shared.docx,docx,SUCCEEDED
525,102,9_Interview_Shared.docx,docx,SUCCEEDED
526,102,Adherence_Data_Shared.xlsx,xlsx,SUCCEEDED
527,102,Readme_EXFRAIL.xlsx,xlsx,SUCCEEDED
528,102,Visit_1_Data_Shared.xlsx,xlsx,SUCCEEDED
529,102,Visit_2_Data_Shared.xlsx,xlsx,SUCCEEDED
530,103,Baranger_SI_Video1.avi,avi,SUCCEEDED
531,103,Baranger_SI_Video2.avi,avi,SUCCEEDED
532,103,Baranger_SI_Video3.avi,avi,SUCCEEDED
533,103,Baranger_SI_Video4.avi,avi,SUCCEEDED
534,103,Distribution_Confined_Velocities.csv,csv,SUCCEEDED
535,104,bootstrap-SI.pdf,pdf,SUCCEEDED
536,105,ContinuumData.xlsx,xlsx,SUCCEEDED
537,105,InteractionandTraitData.txt,txt,SUCCEEDED
538,105,README_for_ContinuumData.docx,docx,SUCCEEDED
539,105,README_for_Interaction_and_Trait.docx,docx,SUCCEEDED
540,106,CaseStudy1.zip,zip,SUCCEEDED
541,106,CaseStudy2.zip,zip,SUCCEEDED
542,106,README.md,md,SUCCEEDED
543,107,Aconitic_acid_exp1.txt,txt,SUCCEEDED
544,107,Aconitic_acid_exp2.txt,txt,SUCCEEDED
545,107,Aconitic_acid_exp3.txt,txt,SUCCEEDED
546,107,Aconitic_acid_Fragments.txt,txt,SUCCEEDED
547,107,citric_acid_exp1.txt,txt,SUCCEEDED
548,107,citric_acid_exp2.txt,txt,SUCCEEDED
549,107,citric_acid_exp3.txt,txt,SUCCEEDED
550,107,citric_acid_exp4.txt,txt,SUCCEEDED
551,107,maleic_acid_exp1.txt,txt,SUCCEEDED
552,107,maleic_acid_exp2.txt,txt,SUCCEEDED
553,107,maleic_exp3_fragments.txt,txt,SUCCEEDED
554,107,README.md,md,SUCCEEDED
555,108,Schuster_et_al_2021_PNAS_data.csv,csv,SUCCEEDED
556,109,ASYFAIR_Germany_Data_Set_READ_ME.pdf,pdf,SUCCEEDED
557,109,ASYFAIR_Germany_Pro_Forma.pdf,pdf,SUCCEEDED
558,109,ASYFAIR_Germany_Quantitative_Data_Set_Acronyms.xlsx,xlsx,SUCCEEDED
559,109,ASYFAIR_Germany_Quantitative_Data_Set_Notes.xlsx,xlsx,SUCCEEDED
560,109,ASYFAIR_Germany_Quantitative_Data_Set.xlsx,xlsx,SUCCEEDED
561,110,Participation_Coding_Updated.xlsx,xlsx,SUCCEEDED
562,110,README.docx,docx,SUCCEEDED
563,111,LHB.NMDS.PA.csv,csv,SUCCEEDED
564,111,README_BBMA_LHB.NMDS.PA.txt,txt,SUCCEEDED
565,112,Henriques_Osmond_2020_Data_and_Code.zip,zip,SUCCEEDED
566,113,Illumina_DNApREF_1mil.sorted.bam,bam,SUCCEEDED
567,113,Illumina_DNApREF_1mil.sorted.bam.bai,bai,SUCCEEDED
568,113,ONT_DNApREF_sorted.bam,bam,SUCCEEDED
569,113,ONT_DNApREF_sorted.bam.bai,bai,SUCCEEDED
570,113,README.md,md,SUCCEEDED
571,114,compile_sims,,SUCCEEDED
572,114,figure_Rscripts.zip,zip,SUCCEEDED
573,114,RData_objects.zip,zip,FAILED_TOO_LARGE
574,114,README,,SUCCEEDED
575,114,simulation_code.zip,zip,SUCCEEDED
576,114,simulation_data.zip,zip,FAILED_TOO_LARGE
577,115,dcl4.txt,txt,FAILED_SERVER_UNRESPONSIVE
578,115,onset.residual.txt,txt,FAILED_SERVER_UNRESPONSIVE
579,115,onset.z.score.txt,txt,FAILED_SERVER_UNRESPONSIVE
580,115,README.md,md,FAILED_SERVER_UNRESPONSIVE
581,115,sdmt.extreme.txt,txt,FAILED_SERVER_UNRESPONSIVE
582,115,sdmt30.txt,txt,FAILED_SERVER_UNRESPONSIVE
583,115,tfc6.txt,txt,FAILED_SERVER_UNRESPONSIVE
584,115,tms.extreme.txt,txt,FAILED_SERVER_UNRESPONSIVE
585,115,tms30.txt,txt,FAILED_SERVER_UNRESPONSIVE
586,116,data.zip,zip,FAILED_SERVER_UNRESPONSIVE
587,116,README.md,md,FAILED_SERVER_UNRESPONSIVE
588,117,Raw Data - Survey 1.xlsx,xlsx,FAILED_SERVER_UNRESPONSIVE
589,117,Raw Data - Survey 2.xlsx,xlsx,FAILED_SERVER_UNRESPONSIVE
590,118,ENGLISH_MALAGASY_Brainstorming_Affinity_Cluster_Data_270224.xlsx,xlsx,SUCCEEDED
591,118,README.md,md,SUCCEEDED
592,119,NquollShapeVariation_Analysis-2.Rmd,rmd,SUCCEEDED
593,119,NquollShapeVariation_data-2.csv,csv,SUCCEEDED
594,119,NquollShapeVariation_Figures_Blinded-2.pptx,pptx,SUCCEEDED
595,119,NquollShapeVariation_Figures_Blinded.pdf,pdf,SUCCEEDED
596,119,NquollShapeVariation_LMcoords-2.csv,csv,SUCCEEDED
597,119,NquollShapeVariation_SuppData.docx,docx,SUCCEEDED
598,120,Viros_et_al._Ecol_Evol_2021_-_Dataset.xlsx,xlsx,SUCCEEDED
599,121,Hoedjes_Doa_rawdata.xlsx,xlsx,SUCCEEDED
600,121,README.md,md,SUCCEEDED
601,122,Analyze_WeightedTime.m,m,SUCCEEDED
602,122,Model2_ConsecArray.m,m,SUCCEEDED
603,122,Model2_HalfHalfArray.m,m,SUCCEEDED
604,122,Model4_ConsecArray.m,m,SUCCEEDED
605,122,Model4_HalfHalfArray.m,m,SUCCEEDED
606,122,README.md,md,SUCCEEDED
607,123,N_brevirostris_FD8_R2_Tome.fasta,fasta,SUCCEEDED
608,123,N_brevirostris_N19_Tome.fasta,fasta,SUCCEEDED
609,123,N_brevirostris_N20_Tome.fasta,fasta,SUCCEEDED
610,123,N_brevirostris_N26_Tome.fasta,fasta,SUCCEEDED
611,123,N_brevirostris_SRG1_R2_Tome.fasta,fasta,SUCCEEDED
612,123,N_brevirostris_SRG2_VT_Tome.fasta,fasta,SUCCEEDED
613,123,N_brevirostris_SRG21_R2_Tome.fasta,fasta,SUCCEEDED
614,123,N_brevirostris_SRG22_R2_Tome.fasta,fasta,SUCCEEDED
615,123,N_brevirostris_SRG28_R2_Tome.fasta,fasta,SUCCEEDED
616,123,N_brevirostris_SRG31_2_Tome.fasta,fasta,SUCCEEDED
617,123,N_brevirostris_SRG4_VT_Tome.fasta,fasta,SUCCEEDED
618,123,N_brevirostris_SRG7_VT_Tome.fasta,fasta,SUCCEEDED
619,123,Naso_fulltree_NEW!.tre,tre,SUCCEEDED
620,123,Naso_RH2_tree_NEW!.tre,tre,SUCCEEDED
621,123,Naso_RH2_tree_NEW.nex,nex,SUCCEEDED
622,123,Naso_tree_full_NEW.nex,nex,SUCCEEDED
623,123,Photoreceptors_Retinas_DC.png,png,SUCCEEDED
624,123,Photoreceptors_Retinas_SC.png,png,SUCCEEDED
625,124,Hanspach_etal_PeopleandNature_data.txt,txt,SUCCEEDED
626,125,Dataset-An_alternative_lens_to_evaluate_policymaking_and_performance_P.Sundram__.xlsx,xlsx,SUCCEEDED
627,125,README.md.docx,docx,SUCCEEDED
628,126,Final_Dataset.csv,csv,SUCCEEDED
629,126,README.md,md,SUCCEEDED
630,127,Fig2_Graphs.Rmd,rmd,SUCCEEDED
631,127,MainAnalysis.R,r,SUCCEEDED
632,127,MainDataset_ColumnDescription.docx,docx,SUCCEEDED
633,127,QuantityVQuality_MainDataset.csv,csv,SUCCEEDED
634,128,BAUMBERGER_RAW.csv,csv,SUCCEEDED
635,128,CLOYED2017_RAW.csv,csv,SUCCEEDED
636,128,DistributionComps.R,r,SUCCEEDED
637,128,MELISetal_RAW.csv,csv,SUCCEEDED
638,128,PubTests.R,r,SUCCEEDED
639,128,README.md,md,SUCCEEDED
640,128,ROFFetal_RAW.csv,csv,SUCCEEDED
641,128,SIEVERS2021_RAW.csv,csv,SUCCEEDED
642,128,SimTests.R,r,SUCCEEDED
643,128,WOOD2019_RAW.csv,csv,SUCCEEDED
644,129,Dmel_6.04_hologenome_final.fasta.gz,gz,SUCCEEDED
645,129,FDR.py,py,SUCCEEDED
646,129,GLM_qGLM_GLMM_ANOVA.py,py,SUCCEEDED
647,129,GLM.py,py,SUCCEEDED
648,129,Hologenome_dmel6.sh,sh,SUCCEEDED
649,129,README_for_GLM.sh,sh,SUCCEEDED
650,130,1._ReadMe.xlsx,xlsx,SUCCEEDED
651,130,call_phases.csv,csv,SUCCEEDED
652,130,call_qua.csv,csv,SUCCEEDED
653,130,call_qua01.csv,csv,SUCCEEDED
654,130,df_qua_ac_mm.csv,csv,SUCCEEDED
655,130,df_qua_ac.csv,csv,SUCCEEDED
656,130,df_qua_all.csv,csv,SUCCEEDED
657,130,env_lat.csv,csv,SUCCEEDED
658,130,env_rate_call.csv,csv,SUCCEEDED
659,130,env_rate_toe.csv,csv,SUCCEEDED
660,130,env_rate_vis.csv,csv,SUCCEEDED
661,130,toe_phases.csv,csv,SUCCEEDED
662,130,toe_qua.csv,csv,SUCCEEDED
663,130,toe_qua01.csv,csv,SUCCEEDED
664,130,vis_phases.csv,csv,SUCCEEDED
665,130,vis_qua.csv,csv,SUCCEEDED
666,130,vis_qua01.csv,csv,SUCCEEDED
667,131,MitoNuclear.zip,zip,SUCCEEDED
668,131,Supp_SysBio.pdf,pdf,SUCCEEDED
669,132,Squid_data_Iwata_et_al._2021_J.Evol.Biol_Readme.txt,txt,SUCCEEDED
670,132,Squid_data_Iwata_et_al._2021_J.Evol.Biol.xlsx,xlsx,SUCCEEDED
671,133,code_ghost_disturbance_past.R,r,SUCCEEDED
672,133,community_biomass.Rdata,rdata,SUCCEEDED
673,133,multiplot.R,r,SUCCEEDED
674,133,param_heatmaps_biomass.R,r,SUCCEEDED
675,133,param_heatmaps_sp.R,r,SUCCEEDED
676,133,stats_fun.R,r,SUCCEEDED
677,133,table_species_PA.txt,txt,SUCCEEDED
678,134,data.rar,rar,SUCCEEDED
679,134,README.md,md,SUCCEEDED
680,135,AlciatoreEtAl_2021.zip,zip,FAILED_TOO_LARGE
681,135,README.pdf,pdf,SUCCEEDED
682,136,README.md,md,SUCCEEDED
683,136,Trinity.fasta,fasta,FAILED_TOO_LARGE
684,136,Trinotate.csv,csv,SUCCEEDED
685,137,README_Savannah_River_NERP_isotope_database_metadata_v2.txt,txt,SUCCEEDED
686,137,Savannah_River_NERP_songbird_diet_isotope_database_v2.xlsx,xlsx,SUCCEEDED
687,138,Alignment_-_Umbilicaria_ITS_edited.fas.phy,phy,SUCCEEDED
688,138,Alignment_-_Umbilicaria_MCM7.fasta.nex,nex,SUCCEEDED
689,138,Alignment_-_Umbilicaria_rpB1.fasta.nex,nex,FAILED_SERVER_UNRESPONSIVE
690,138,README_Allen_et_al_Umbilicaria_phaea_var_coccinea.txt,txt,FAILED_SERVER_UNRESPONSIVE
691,138,Umbilicaria_Concat_EDITED.fas.phy.nex,nex,FAILED_SERVER_UNRESPONSIVE
692,138,Umbilicaria_LSU.fasta.phy,phy,FAILED_SERVER_UNRESPONSIVE
693,138,Umbilicaria_mtSSU_Edited.fasta.phy,phy,FAILED_SERVER_UNRESPONSIVE
694,139,README.md,md,FAILED_SERVER_UNRESPONSIVE
695,139,Supplemental_File_1_Interview_guide_Building_functional_and_sustainable_PV.docx,docx,FAILED_SERVER_UNRESPONSIVE
696,139,Supplemental_File_2_Questionnaire_Building_functional_and_sustainable_PV.docx,docx,FAILED_SERVER_UNRESPONSIVE
697,139,Supplemental_File_3_Codebook__Building_functional_and_sustainable_PV.docx,docx,FAILED_SERVER_UNRESPONSIVE
698,139,Supplemental_File_4_Framework_matrix_Building_functional_PV.xlsx,xlsx,FAILED_SERVER_UNRESPONSIVE
699,139,Supplemental_File_5_Checklist_for_MMR_Manuscript_Preparation_and_Review.docx,docx,FAILED_SERVER_UNRESPONSIVE
700,139,Survey_data_PivotTable__Building_functional_PV.xlsx,xlsx,FAILED_SERVER_UNRESPONSIVE
701,140,functional_group_sheet_V2.csv,csv,FAILED_SERVER_UNRESPONSIVE
702,140,ggb_geo_elev_forClimNA_1901-2022MSY.csv,csv,FAILED_SERVER_UNRESPONSIVE
703,140,plot_elevation_information.csv,csv,SUCCEEDED
704,140,README.md,md,SUCCEEDED
705,140,SAS_clean_data.csv,csv,SUCCEEDED
706,140,sas_supplemental_species_data_organized.xlsx,xlsx,SUCCEEDED
707,141,Honours_research_report_survey_RESULTS.xlsm,xlsm,SUCCEEDED
708,141,README.md,md,SUCCEEDED
709,142,raw_data.xlsx,xlsx,SUCCEEDED
710,142,README.md,md,SUCCEEDED
711,143,Appendix 1. Search strategies.docx,docx,SUCCEEDED
712,143,Appendix 2. Quantitative data extraction.xlsx,xlsx,SUCCEEDED
713,143,Appendix 3. Qualitative data extraction.xlsx,xlsx,SUCCEEDED
714,143,Appendix 4. STROBE checklist data randomized.xlsx,xlsx,SUCCEEDED
715,143,Appendix 5. CASP checklist data randomized.xlsx,xlsx,SUCCEEDED
716,143,Appendix 6. Codebooks.xlsx,xlsx,SUCCEEDED
717,143,S1. PRISMA checklist.doc,doc,SUCCEEDED
718,144,april-2019-script-1-codes.rtf,rtf,SUCCEEDED
719,144,april-2019-script-1.R,r,SUCCEEDED
720,144,april-2019-script-2-codes.rtf,rtf,SUCCEEDED
721,144,april-2019-script-2.R,r,SUCCEEDED
722,144,december-2018-script-1-codes.rtf,rtf,SUCCEEDED
723,144,december-2018-script-1.R,r,SUCCEEDED
724,144,r-code-themes.xlsx,xlsx,SUCCEEDED
725,144,README.md,md,SUCCEEDED
726,144,september-2019-script-1-codes.rtf,rtf,SUCCEEDED
727,144,september-2019-script-1.R,r,SUCCEEDED
728,144,september-2019-script-2-codes.rtf,rtf,SUCCEEDED
729,144,september-2019-script-2.R,r,SUCCEEDED
730,145,CATHalignmentsTabel5.tgz,tgz,SUCCEEDED
731,145,PFAMalignmentsTable6.tgz,tgz,SUCCEEDED
732,145,README.txt,txt,SUCCEEDED
733,146,readme.txt,txt,SUCCEEDED
734,146,uxmaturity2018_dataset_redacted.csv,csv,SUCCEEDED
735,146,uxmaturity2018_stats_for_publication.pdf,pdf,SUCCEEDED
736,146,uxmaturity2018_stats_for_publication.Rmd,rmd,SUCCEEDED
737,146,uxmaturity2018_survey_instrument.pdf,pdf,SUCCEEDED
738,147,Facility decision making scores_aggregate.xlsx,xlsx,SUCCEEDED
739,147,Facility decision making transcripts_anon.rar,rar,SUCCEEDED
740,147,Immersions_anon.rar,rar,SUCCEEDED
741,148,Guiding_questions_for_secondary_data_may_7.docx,docx,SUCCEEDED
742,148,README.md,md,SUCCEEDED
743,148,Women_in_Legislative_body.docx,docx,SUCCEEDED
744,148,Women_in_the_executive_body.docx,docx,SUCCEEDED
745,148,Women_in_the_judiciary_body.docx,docx,SUCCEEDED
746,148,Women_in_the_Upper_House_(HoF).docx,docx,SUCCEEDED
747,149,whiteEtAl_EFCTaROCfusionData.xlsx,xlsx,SUCCEEDED
748,149,whiteEtAl_subjectPerformanceDataFinal.xlsx,xlsx,SUCCEEDED
749,150,Oikos FA Review Dryad Data.xlsx,xlsx,SUCCEEDED
750,151,vascular_epiphyte_Volcan_Maderas_Nicaragua.csv,csv,SUCCEEDED
751,152,2014-04-16-NichePaperDryad.xlsx,xlsx,SUCCEEDED
752,153,Interview guides.docx,docx,SUCCEEDED
753,154,TRANSCENDS_Outcomes_Figure_1.png,png,SUCCEEDED
754,154,TRANSCENDS_Outcomes_Figure_2.png,png,SUCCEEDED
755,154,TRANSCENDS_Outcomes_Figure_3.png,png,SUCCEEDED
756,154,TRANSCENDS_Supplemental_Table_5.docx,docx,SUCCEEDED
757,155,CI_competencies_interview_transcripts.docx,docx,SUCCEEDED
758,156,Data.zip,zip,FAILED_TOO_LARGE
759,156,README.md,md,SUCCEEDED
760,157,NSP_V7.zip,zip,SUCCEEDED
761,158,README.md,md,SUCCEEDED
762,158,TopicModellingStudentFeedbackData.xlsx,xlsx,SUCCEEDED
763,159,CollinsetalPN2021readme.docx,docx,SUCCEEDED
764,159,finalgrid.csv,csv,SUCCEEDED
765,160,DataSummary.zip,zip,FAILED_TOO_LARGE
766,160,README_for_DataSummary.txt,txt,SUCCEEDED
767,161,Black_Flying_Fox_Hematology.csv,csv,SUCCEEDED
768,161,README.txt,txt,SUCCEEDED
769,162,Data.docx,docx,SUCCEEDED
770,163,Appendixes_Fontes_etal_2020.rar,rar,SUCCEEDED
771,163,README_for_Appendixes_Fontes_etal_2020.pdf,pdf,SUCCEEDED
772,164,COE_GAOUE_JEET_CKS_2020.csv,csv,SUCCEEDED
773,165,McClureetal2020_Ecosphere_SubterraneanTemperatureAnalyticDataset.csv,csv,SUCCEEDED
774,165,README_McClureetal_Ecosphere_SubterraneanTemperatureAnalyticDataset.rtf,rtf,SUCCEEDED
775,166,README.md,md,SUCCEEDED
776,166,UrbanEVDataset.zip,zip,SUCCEEDED
777,167,Clinical_Lab_Values.xlsx,xlsx,SUCCEEDED
778,167,CSSRS_Scoring_sheet.xlsx,xlsx,SUCCEEDED
779,167,PAN_Post-Dosing.Data_and.CumulativeDataSheet_FINAL.xlsx,xlsx,SUCCEEDED
780,167,README___Dataset_Psilocybin_AN.docx,docx,SUCCEEDED
781,168,10 Grain boundary maps.zip,zip,SUCCEEDED
782,168,Contrast maps.zip,zip,SUCCEEDED
783,168,EBSD raw data for materials.zip,zip,SUCCEEDED
784,168,Fossil eggshell SEM images.zip,zip,SUCCEEDED
785,168,Misorientation (For Figure 9).zip,zip,SUCCEEDED
786,168,Misorientation (For Figure S2 and Table S2).zip,zip,SUCCEEDED
787,168,Modern avian eggshell SEM images.zip,zip,SUCCEEDED
788,168,Raw data converted to Text files.zip,zip,SUCCEEDED
789,168,README_for_Supplementary Figures S1-S4.docx,docx,SUCCEEDED
790,168,README_for_Supplementary Tables S1-S3.docx,docx,SUCCEEDED
791,168,Supplementary Figures S1-S4.zip,zip,SUCCEEDED
792,168,Supplementary Tables S1-S3.zip,zip,SUCCEEDED
793,169,Eastern Arc Mountains.zip,zip,SUCCEEDED
794,170,README.md,md,SUCCEEDED
795,170,SurvivalModel_Clean_20240813.nb,nb,SUCCEEDED
796,171,README.md,md,SUCCEEDED
797,171,SchuettEtAl_Data_DryadRepository.xlsx,xlsx,SUCCEEDED
798,172,Pretest____posttest.xlsx,xlsx,SUCCEEDED
799,172,README_file.txt,txt,SUCCEEDED
800,173,README_for_Satler&Carstens2016.txt,txt,SUCCEEDED
801,173,Satler&Carstens2016.zip,zip,SUCCEEDED
802,174,Metadata_CADs__quotations_data.docx,docx,SUCCEEDED
803,175,FD_Repeatedmeasures.csv,csv,FAILED_SERVER_UNRESPONSIVE
804,175,FD_Spacefortime_corr.csv,csv,FAILED_SERVER_UNRESPONSIVE
805,175,FD_Spacefortime.csv,csv,FAILED_SERVER_UNRESPONSIVE
806,175,README.md,md,FAILED_SERVER_UNRESPONSIVE
807,176,0304.nlme.analysis.1.R,r,FAILED_SERVER_UNRESPONSIVE
808,176,0304.nlme.analysis.10.R,r,FAILED_SERVER_UNRESPONSIVE
809,176,0304.nlme.analysis.2.R,r,FAILED_SERVER_UNRESPONSIVE
810,176,0304.nlme.analysis.3.R,r,FAILED_SERVER_UNRESPONSIVE
811,176,0304.nlme.analysis.4.R,r,FAILED_SERVER_UNRESPONSIVE
812,176,0304.nlme.analysis.5.R,r,FAILED_SERVER_UNRESPONSIVE
813,176,0304.nlme.analysis.6.R,r,FAILED_SERVER_UNRESPONSIVE
814,176,0304.nlme.analysis.7.R,r,FAILED_SERVER_UNRESPONSIVE
815,176,0304.nlme.analysis.8.R,r,FAILED_SERVER_UNRESPONSIVE
816,176,0304.nlme.analysis.9.R,r,FAILED_SERVER_UNRESPONSIVE
817,176,0304.nlme.analysis.base.R,r,FAILED_SERVER_UNRESPONSIVE
818,176,data.0304.csv,csv,SUCCEEDED
819,176,data.0304.Rdata,rdata,SUCCEEDED
820,176,models.csv,csv,SUCCEEDED
821,176,results.0304.nlme.R,r,SUCCEEDED
822,177,EcoEvo_Dryad_Data_Final.xlsx,xlsx,SUCCEEDED
823,178,Dalrymple et al. BJLS. data.xlsx,xlsx,SUCCEEDED
824,178,README_for_Dalrymple et al. BJLS. data.txt,txt,SUCCEEDED
825,179,README.md,md,SUCCEEDED
826,179,shrubland_data.zip,zip,FAILED_TOO_LARGE
827,180,MSTP_ms_Data_Dryad.xlsx,xlsx,SUCCEEDED
828,180,README.md,md,SUCCEEDED
829,181,data_1_ethno.csv,csv,SUCCEEDED
830,181,data_2_phylo.csv,csv,SUCCEEDED
831,181,data_3_shipibo_phylo.nex,nex,SUCCEEDED
832,181,data_4_shipibo_redundancy.csv,csv,SUCCEEDED
833,181,data_5_shipibo_tree.txt,txt,SUCCEEDED
834,181,data_6_ethno_shipibo.txt,txt,SUCCEEDED
835,181,data_7_adj_knowledge.csv,csv,SUCCEEDED
836,181,data_8_adj_married.csv,csv,SUCCEEDED
837,181,data_9_node_attributes.csv,csv,SUCCEEDED
838,181,Qian_nodes.csv,csv,SUCCEEDED
839,181,Qian_PhytoPhylo.tre,tre,SUCCEEDED
840,181,README.docx,docx,SUCCEEDED
841,182,Olazcuaga_etal_2021_JEB.zip,zip,SUCCEEDED
842,183,EskerSupTable1.xlsx,xlsx,SUCCEEDED
843,183,EskerSupTable2.xlsx,xlsx,SUCCEEDED
844,183,EskerSupTable3.doc,doc,SUCCEEDED
845,183,EskerSupTable4.xlsx,xlsx,SUCCEEDED
846,183,SupFig01.tif,tif,SUCCEEDED
847,184,README_for_Thome.fsc.txt,txt,SUCCEEDED
848,184,Thome.fsc.zip,zip,SUCCEEDED
849,185,Appendix_1_Questionnaire.docx,docx,SUCCEEDED
850,185,README.md,md,SUCCEEDED
851,186,abundances_utf8.csv,csv,SUCCEEDED
852,186,metadata_utf8.csv,csv,SUCCEEDED
853,186,README_for_abundances_utf8.csv,csv,SUCCEEDED
854,186,README_for_metadata_utf8.csv,csv,SUCCEEDED
855,187,expected_utilities.csv,csv,FAILED_TOO_LARGE
856,187,preference_rates.csv,csv,SUCCEEDED
857,187,probabilities.csv,csv,SUCCEEDED
858,187,utilities.csv,csv,SUCCEEDED
859,188,data.zip,zip,FAILED_TOO_LARGE
860,188,README_for_data.txt,txt,SUCCEEDED
861,189,BehavioralData.zip,zip,SUCCEEDED
862,189,README_for_BehavioralData.txt,txt,SUCCEEDED
863,189,README_for_S1.txt,txt,SUCCEEDED
864,189,README_for_S10.txt,txt,SUCCEEDED
865,189,README_for_S11.txt,txt,SUCCEEDED
866,189,README_for_S12.txt,txt,SUCCEEDED
867,189,README_for_S13.txt,txt,SUCCEEDED
868,189,README_for_S14.txt,txt,SUCCEEDED
869,189,README_for_S15.txt,txt,SUCCEEDED
870,189,README_for_S16.txt,txt,SUCCEEDED
871,189,README_for_S17.txt,txt,SUCCEEDED
872,189,README_for_S18.txt,txt,SUCCEEDED
873,189,README_for_S19.txt,txt,SUCCEEDED
874,189,README_for_S2.txt,txt,SUCCEEDED
875,189,README_for_S20.txt,txt,SUCCEEDED
876,189,README_for_S21.txt,txt,SUCCEEDED
877,189,README_for_S22.txt,txt,SUCCEEDED
878,189,README_for_S23.txt,txt,SUCCEEDED
879,189,README_for_S3.txt,txt,SUCCEEDED
880,189,README_for_S4.txt,txt,SUCCEEDED
881,190,Ross-Gillespie_et_al_JEB12559_Data_for_Dryad.xlsx,xlsx,SUCCEEDED
882,191,Copy of Fachinfo_Completes_2012_08_08_open_ended minus IP.xls,xls,SUCCEEDED
883,191,Copy_of_Fachinfo_Completes_2012_08_08_xls_minus_IP.xls,xls,SUCCEEDED
884,191,Transkript_P12_0018_Facharztinformationen_HD_GD4_FAs_19 00 Uhr.doc,doc,SUCCEEDED
885,191,Transkript_P12_0018_Facharztinformationen_MUC_GD2_FAs_19 00 Uhr.doc,doc,SUCCEEDED
886,191,Transkript_P12-0018_Facharztinformationen_HD_GD3_API's_16 30 Uhr.doc,doc,SUCCEEDED
887,191,Transkript_P12-0018_Facharztinformationen_MUC_GD1_API's_16 30 Uhr.doc,doc,SUCCEEDED
888,192,dryad_data.csv,csv,SUCCEEDED
889,192,dryad_description2.docx,docx,SUCCEEDED
890,193,all_endemic_species.csv,csv,SUCCEEDED
891,193,csv_descriptions.xlsx,xlsx,SUCCEEDED
892,193,divergence_times_endemics.csv,csv,SUCCEEDED
893,193,lit_search_data_analysis.R,r,SUCCEEDED
894,193,lit_search_full_dataset.csv,csv,SUCCEEDED
895,193,README.md,md,SUCCEEDED
896,193,taxa.csv,csv,SUCCEEDED
897,194,README.md,md,SUCCEEDED
898,194,VCFNeedsAssmt_dryad.dta,dta,SUCCEEDED
899,195,Base_PLOS_one_UseofEBP_SoB_brazilianwomen_birth_RevisedDryad_09.07.21.xlsx,xlsx,SUCCEEDED
900,195,README_Data_dictionary_UseofEBP_SoB_Brazilianwomen_birth_revised_09.07.21.doc,doc,SUCCEEDED
901,196,NRVM_SingleCells.zip,zip,SUCCEEDED
902,196,NRVM_Tissues_Anisotropic.zip,zip,FAILED_TOO_LARGE
903,196,NRVM_Tissues_BDMTreated.zip,zip,SUCCEEDED
904,196,NRVM_Tissues_Isotropic.zip,zip,FAILED_TOO_LARGE
905,196,NRVM_Tissues_Sparse.zip,zip,SUCCEEDED
906,196,SkeletalMuscle.zip,zip,SUCCEEDED
907,197,experimental_data.csv,csv,SUCCEEDED
908,197,orthoptera_density.csv,csv,SUCCEEDED
909,197,orthoptera_richness.csv,csv,SUCCEEDED
910,197,plant_biomass.csv,csv,SUCCEEDED
911,197,plant_richness.csv,csv,SUCCEEDED
912,197,README.txt,txt,SUCCEEDED
913,198,GrowthSurvivalFlowering.csv,csv,SUCCEEDED
914,198,recruit size.csv,csv,SUCCEEDED
915,198,Recruits.per.plot.csv,csv,SUCCEEDED
916,199,Dataset_Journal_survey_all.xlsx,xlsx,SUCCEEDED
917,199,Supplementary_Materials.pdf,pdf,SUCCEEDED
918,199,Template_taxonomy_data_(from_Appendix_S10_and_S11).xlsx,xlsx,FAILED_SERVER_UNRESPONSIVE
919,200,README.md,md,FAILED_SERVER_UNRESPONSIVE
920,200,Study_s_preliminary_impact_outcomes.txt,txt,FAILED_SERVER_UNRESPONSIVE
921,201,cat_11k_diversityset_7815_310122.txt,txt,FAILED_SERVER_UNRESPONSIVE
922,201,README_file.txt,txt,FAILED_SERVER_UNRESPONSIVE
923,202,Construction_facies-mb1.8.xlsx,xlsx,FAILED_SERVER_UNRESPONSIVE
924,202,Construction_facies-mb2.5.xlsx,xlsx,FAILED_SERVER_UNRESPONSIVE
925,202,Construction_facies-mb2.xlsx,xlsx,FAILED_SERVER_UNRESPONSIVE
926,202,Construction_facies-mb3.xlsx,xlsx,FAILED_SERVER_UNRESPONSIVE
927,202,Destruction_facies-mb1.5.xlsx,xlsx,FAILED_SERVER_UNRESPONSIVE
928,202,Destruction_facies-mb1.8.xlsx,xlsx,FAILED_SERVER_UNRESPONSIVE
929,202,Destruction_facies-mb2.5.xlsx,xlsx,FAILED_SERVER_UNRESPONSIVE
930,202,Destruction_facies-mb2.xlsx,xlsx,FAILED_SERVER_UNRESPONSIVE
931,202,RSOS-2022-DATAREADME.txt,txt,FAILED_SERVER_UNRESPONSIVE
932,203,Datafile_S1._Included_Type_I_articles.csv,csv,FAILED_SERVER_UNRESPONSIVE
933,203,Datafile_S1._Included_Type_II_articles.csv,csv,SUCCEEDED
934,203,Datafile_S1._Raw_data._Type_I_articles.csv,csv,SUCCEEDED
935,203,Datafile_S1._Raw_data._Type_II_articles.csv,csv,SUCCEEDED
936,203,Datafile_S2._Full_text_screening_Step_3_V2.csv,csv,SUCCEEDED
937,203,Datafile_S3._Quality_appraisal_Step_4_V2.csv,csv,SUCCEEDED
938,204,data_meta_epidemiology.xlsx,xlsx,SUCCEEDED
939,204,data_meta_treatment.xlsx,xlsx,SUCCEEDED
940,205,PDE4iandPDE5i_plosOne_final.xlsx,xlsx,SUCCEEDED
941,206,Lung-DAP-February3-2017.xlsx,xlsx,SUCCEEDED
942,206,README_for_Lung-DAP-February3-2017.docx,docx,SUCCEEDED
943,207,Density reduced experiment_Rawdata.xlsx,xlsx,SUCCEEDED
944,208,Raw data.xlsx,xlsx,SUCCEEDED
945,209,2015_HANDOVER_OUTPATIENT_DATA_FILES.zip,zip,SUCCEEDED
946,209,README_for_2015_HANDOVER_OUTPATIENT_DATA_FILES.txt,txt,SUCCEEDED
947,210,dryad.fas,fas,SUCCEEDED
948,210,README.pdf,pdf,SUCCEEDED
949,211,README.md,md,SUCCEEDED
950,211,US_industrial_facilities_and_technology_dataset.json,json,SUCCEEDED
951,212,Co-create_codebook.xlsx,xlsx,SUCCEEDED
952,212,interview_protocols.pdf,pdf,SUCCEEDED
953,212,README.md,md,SUCCEEDED
954,213,Appendix_1_Interview_format_Case_Study_1-2.docx,docx,SUCCEEDED
955,213,Appendix_2_Interview_format_Case_study_2-2.docx,docx,SUCCEEDED
956,214,Data_Srivathsa_etal2018.zip,zip,SUCCEEDED
957,215,Data_1.csv,csv,SUCCEEDED
958,215,Data_2.csv,csv,SUCCEEDED
959,215,Data_3.csv,csv,SUCCEEDED
960,215,Data_4.csv,csv,SUCCEEDED
961,215,Data_5.csv,csv,SUCCEEDED
962,216,Characteristics_of_households_that_were_interviewed_in_a_study_that_investigated_factors_driving_tree_species_in_cocoa_farms_in_Cote_dIvoire.xlsx,xlsx,SUCCEEDED
963,217,Maurer2022CommunityCreditInterviews_Question_Guide.txt,txt,SUCCEEDED
964,217,Maurer2022CommunityCreditInterviews_Transcripts.txt,txt,SUCCEEDED
965,217,README.md,md,SUCCEEDED
966,218,INT_1.docx,docx,SUCCEEDED
967,218,INT_10.docx,docx,SUCCEEDED
968,218,INT_11.docx,docx,SUCCEEDED
969,218,INT_12_13.docx,docx,SUCCEEDED
970,218,INT_14.docx,docx,SUCCEEDED
971,218,INT_15.docx,docx,SUCCEEDED
972,218,INT_16.docx,docx,SUCCEEDED
973,218,INT_17.docx,docx,SUCCEEDED
974,218,INT_18.docx,docx,SUCCEEDED
975,218,INT_19_20.docx,docx,SUCCEEDED
976,218,INT_2.docx,docx,SUCCEEDED
977,218,INT_21.docx,docx,SUCCEEDED
978,218,INT_3.docx,docx,SUCCEEDED
979,218,INT_4_5_6.docx,docx,SUCCEEDED
980,218,INT_7.docx,docx,SUCCEEDED
981,218,INT_8_9.docx,docx,SUCCEEDED
982,219,IPWBR_Codebook_ComputationalReproducibility.csv,csv,SUCCEEDED
983,219,IPWBR_Codebook_WhyProgramming.csv,csv,SUCCEEDED
984,219,IPWBR_DataOverview.pdf,pdf,SUCCEEDED
985,219,IPWBR_InterviewGuide_Post.pdf,pdf,SUCCEEDED
986,219,IPWBR_InterviewGuide_Pre.pdf,pdf,SUCCEEDED
987,219,IPWBR_InterviewTemplate.pdf,pdf,SUCCEEDED
988,219,IPWBR_QuantitativeAnalysisCode.pdf,pdf,SUCCEEDED
989,219,IPWBR_ReproducibilityScoreCard_Results.csv,csv,SUCCEEDED
990,219,IPWBR_ReproducibilityScoreCard.pdf,pdf,SUCCEEDED
991,219,IPWBR_Transcript_Post_100_Coded.pdf,pdf,SUCCEEDED
992,219,IPWBR_Transcript_Post_100.pdf,pdf,SUCCEEDED
993,219,IPWBR_Transcript_Post_101_Coded.csv,csv,SUCCEEDED
994,219,IPWBR_Transcript_Post_101.pdf,pdf,SUCCEEDED
995,219,IPWBR_Transcript_Post_102_Coded.pdf,pdf,SUCCEEDED
996,219,IPWBR_Transcript_Post_102.pdf,pdf,SUCCEEDED
997,219,IPWBR_Transcript_Post_104_Coded.pdf,pdf,SUCCEEDED
998,219,IPWBR_Transcript_Post_104.pdf,pdf,SUCCEEDED
999,219,IPWBR_Transcript_Post_106_Coded.pdf,pdf,SUCCEEDED
1000,219,IPWBR_Transcript_Post_106.pdf,pdf,SUCCEEDED
1001,219,IPWBR_Transcript_Post_107_Coded.pdf,pdf,SUCCEEDED
1002,220,interview_data_VT_2022.csv,csv,SUCCEEDED
1003,220,metadata.pdf,pdf,SUCCEEDED
1004,220,README.md,md,SUCCEEDED
1005,221,Interview_framework.csv,csv,SUCCEEDED
1006,221,README.md,md,SUCCEEDED
1007,222,Last Catch Dates.xlsx,xlsx,SUCCEEDED
1008,223,ARC_comments_-_Anonymous.docx,docx,SUCCEEDED
1009,223,ARC_interview_-_Anonymous.docx,docx,SUCCEEDED
1010,223,Interview_3-30_and_4-13_-_Anonymous.docx,docx,SUCCEEDED
1011,223,Interview_4-1_-_Anonymous.docx,docx,SUCCEEDED
1012,223,Interview_4-15_-_Anonymous.docx,docx,SUCCEEDED
1013,223,Interview_4-15_2_-_Anonymous.docx,docx,SUCCEEDED
1014,223,Interview_4-21_-_Anonymous.docx,docx,SUCCEEDED
1015,223,Interview_4-22_-_Anonymous.docx,docx,SUCCEEDED
1016,223,Interview_4-7_-_Anonymous.docx,docx,SUCCEEDED
1017,223,Interview_4-7_2_-_Anonymous.docx,docx,SUCCEEDED
1018,223,Interview_4-9_-_Anonymous.docx,docx,SUCCEEDED
1019,223,Interview_4-9_and_4-14_-_Anonymous.docx,docx,SUCCEEDED
1020,223,Interview_4-9_and_4-14_supplement_-_Anonymous.docx,docx,SUCCEEDED
1021,223,RTC_Interview_-_Anonymous.docx,docx,SUCCEEDED
1022,224,Cheetah_detection_history_mdmm.csv,csv,SUCCEEDED
1023,224,Cheetah_observer_covariate_mdmm.csv,csv,SUCCEEDED
1024,224,Cheetah_site_covariates.csv,csv,SUCCEEDED
1025,224,Covariates_all_grids.csv,csv,SUCCEEDED
1026,224,Kenya_boundary_UTM.cpg,cpg,SUCCEEDED
1027,224,Kenya_boundary_UTM.dbf,dbf,SUCCEEDED
1028,224,Kenya_boundary_UTM.prj,prj,SUCCEEDED
1029,224,Kenya_boundary_UTM.sbn,sbn,SUCCEEDED
1030,224,Kenya_boundary_UTM.sbx,sbx,SUCCEEDED
1031,224,Kenya_boundary_UTM.shp,shp,SUCCEEDED
1032,224,Kenya_boundary_UTM.shx,shx,SUCCEEDED
1033,224,Leopard_detection_history_mdmm.csv,csv,FAILED_SERVER_UNRESPONSIVE
1034,224,Leopard_observer_covariate_mdmm.csv,csv,FAILED_SERVER_UNRESPONSIVE
1035,224,Leopard_site_covariates.csv,csv,FAILED_SERVER_UNRESPONSIVE
1036,224,Lion_detection_history_mdmm.csv,csv,FAILED_SERVER_UNRESPONSIVE
1037,224,Lion_observer_covariate_mdmm.csv,csv,FAILED_SERVER_UNRESPONSIVE
1038,224,Lion_site_covariates.csv,csv,FAILED_SERVER_UNRESPONSIVE
1039,224,README.txt,txt,FAILED_SERVER_UNRESPONSIVE
1040,224,Spotted_hyaena_detection_history_mdmm.csv,csv,FAILED_SERVER_UNRESPONSIVE
1041,224,Spotted_hyaena_observer_covariate_mdmm.csv,csv,FAILED_SERVER_UNRESPONSIVE
1042,225,20160218InterviewGuide(FGD).pdf,pdf,FAILED_SERVER_UNRESPONSIVE
1043,225,20160218InterviewGuide(IDIGovt).pdf,pdf,FAILED_SERVER_UNRESPONSIVE
1044,225,20160218InterviewGuideIDI.pdf,pdf,FAILED_SERVER_UNRESPONSIVE
1045,226,Corvol_Supp_material_revision_final.pdf,pdf,FAILED_SERVER_UNRESPONSIVE
1046,227,coodebook.csv,csv,FAILED_SERVER_UNRESPONSIVE
1047,227,deid-transcripts.zip,zip,FAILED_SERVER_UNRESPONSIVE
1048,227,README.md,md,FAILED_SERVER_UNRESPONSIVE
1049,227,UCSB-IthakaProject-InterviewGuide.pdf,pdf,FAILED_SERVER_UNRESPONSIVE
1050,227,UCSB-IthakaProject-RecruitmentEmail.pdf,pdf,FAILED_SERVER_UNRESPONSIVE
1051,228,raw data_QL study_20141125.docx,docx,FAILED_SERVER_UNRESPONSIVE
1052,229,Deidentified_Pharmacy_Survey_Data.xlsx,xlsx,FAILED_SERVER_UNRESPONSIVE
1053,229,README.md,md,FAILED_SERVER_UNRESPONSIVE
1054,230,Elisa_Basic_Data_Codebook.pdf,pdf,FAILED_SERVER_UNRESPONSIVE
1055,230,Elisa_Basic_Data.csv,csv,FAILED_SERVER_UNRESPONSIVE
1056,230,Elisa_Follow_up_data_Codebook.pdf,pdf,FAILED_SERVER_UNRESPONSIVE
1057,230,Elisa_Follow_up_data.csv,csv,FAILED_SERVER_UNRESPONSIVE
1058,230,README.txt,txt,FAILED_SERVER_UNRESPONSIVE
1059,231,DataSet_ParameterValues_AG_6Dec2017.csv,csv,FAILED_SERVER_UNRESPONSIVE
1060,231,README_for_DataSet_ParameterValues_AG_6Dec2017.csv,csv,FAILED_SERVER_UNRESPONSIVE
1061,232,generated_6210827.doc,doc,FAILED_SERVER_UNRESPONSIVE
1062,233,Factors_influencing_the_sustainability_of_homestead_vegetable_production_intervention_in_Rufiji__Tanzania_A_cross-sectional_mixed_methods_study.csv,csv,FAILED_SERVER_UNRESPONSIVE
1063,233,README_file.txt.docx,docx,FAILED_SERVER_UNRESPONSIVE
1064,234,PONE-D-18-04427R1_DRYAD.sav,sav,FAILED_SERVER_UNRESPONSIVE
1065,235,S1_data.xls,xls,FAILED_SERVER_UNRESPONSIVE
1066,235,S1_Text.docx,docx,FAILED_SERVER_UNRESPONSIVE
1067,235,S2_data.xls,xls,FAILED_SERVER_UNRESPONSIVE
1068,236,video clips 1 & 2_JME.mp4,mp4,FAILED_SERVER_UNRESPONSIVE
1069,237,PatientImmunisationComputerRecords.xlsx,xlsx,FAILED_SERVER_UNRESPONSIVE
1070,237,PharmacyImmunisationBaselineData&Exit.sav,sav,FAILED_SERVER_UNRESPONSIVE
1071,238,Delphi_Round1.csv,csv,FAILED_SERVER_UNRESPONSIVE
1072,238,Delphi_Round1.pdf,pdf,FAILED_SERVER_UNRESPONSIVE
1073,238,Delphi_Round2.csv,csv,FAILED_SERVER_UNRESPONSIVE
1074,238,Delphi_Round2.pdf,pdf,FAILED_SERVER_UNRESPONSIVE
1075,238,Output_Delphi_Round1.pdf,pdf,FAILED_SERVER_UNRESPONSIVE
1076,238,Output_Delphi_Round2.pdf,pdf,FAILED_SERVER_UNRESPONSIVE
1077,238,Participants.pdf,pdf,FAILED_SERVER_UNRESPONSIVE
1078,238,README.md,md,FAILED_SERVER_UNRESPONSIVE
1079,239,Instructions.txt,txt,FAILED_SERVER_UNRESPONSIVE
1080,239,UVR-cataract-analysis.zip,zip,FAILED_SERVER_UNRESPONSIVE
1081,240,Questionnaire Data - All 14Feb17.xlsx,xlsx,FAILED_SERVER_UNRESPONSIVE
1082,241,Case_control_2016.xlsx,xlsx,FAILED_SERVER_UNRESPONSIVE
1083,241,README.pdf,pdf,FAILED_SERVER_UNRESPONSIVE
1084,242,Dataset.xlsx,xlsx,FAILED_SERVER_UNRESPONSIVE
1085,242,Dataset2.xlsx,xlsx,FAILED_SERVER_UNRESPONSIVE
1086,242,Dataset3.xlsx,xlsx,FAILED_SERVER_UNRESPONSIVE
1087,242,Partila_view_of_the_study_area.docx,docx,FAILED_SERVER_UNRESPONSIVE
1088,242,Read_me.xlsx,xlsx,FAILED_SERVER_UNRESPONSIVE
1089,243,CGP_interview_meta_data.docx,docx,FAILED_SERVER_UNRESPONSIVE
1090,243,README.md,md,FAILED_SERVER_UNRESPONSIVE
1091,244,Hepatotoxicity of Isotretinoin and Gilbert's syndrome.sav,sav,FAILED_SERVER_UNRESPONSIVE
1092,245,Supplementary table 1.docx,docx,FAILED_SERVER_UNRESPONSIVE
1093,245,Supplementary Table 2.docx,docx,FAILED_SERVER_UNRESPONSIVE
1094,246,MISPI_datasetv23.dta,dta,FAILED_SERVER_UNRESPONSIVE
1095,246,MISPICodebookv3.docx,docx,FAILED_SERVER_UNRESPONSIVE
1096,247,INTERVIEW GUIDE.docx,docx,FAILED_SERVER_UNRESPONSIVE
1097,248,FSD3605.zip,zip,FAILED_LOGIN_REQUIRED
1098,249,FSD3604.zip,zip,FAILED_LOGIN_REQUIRED
1099,250,FSD3647.zip,zip,FAILED_LOGIN_REQUIRED
1100,251,FSD3425.zip,zip,FAILED_LOGIN_REQUIRED
1101,252,FSD3786.zip,zip,FAILED_LOGIN_REQUIRED
1102,253,FSD3609.zip,zip,FAILED_LOGIN_REQUIRED
1103,254,FSD3203.zip,zip,FAILED_LOGIN_REQUIRED
1104,255,FSD2957.zip,zip,FAILED_LOGIN_REQUIRED
1105,256,FSD2867.zip,zip,FAILED_LOGIN_REQUIRED
1106,257,FSD3504.zip,zip,FAILED_LOGIN_REQUIRED
1107,258,FSD3618.zip,zip,FAILED_LOGIN_REQUIRED
1108,259,FSD3138.zip,zip,FAILED_LOGIN_REQUIRED
1109,260,FSD3966.zip,zip,FAILED_LOGIN_REQUIRED
1110,261,FSD3868.zip,zip,FAILED_LOGIN_REQUIRED
1111,262,FSD3753.zip,zip,FAILED_LOGIN_REQUIRED
1112,263,FSD3772.zip,zip,FAILED_LOGIN_REQUIRED
1113,264,FSD3521.zip,zip,FAILED_LOGIN_REQUIRED
1114,265,FSD3862.zip,zip,FAILED_LOGIN_REQUIRED
1115,266,FSD3652.zip,zip,FAILED_LOGIN_REQUIRED
1116,267,FSD3346.zip,zip,FAILED_LOGIN_REQUIRED
1117,268,FSD3428.zip,zip,FAILED_LOGIN_REQUIRED
1118,269,FSD2956.zip,zip,FAILED_LOGIN_REQUIRED
1119,270,FSD3842.zip,zip,FAILED_LOGIN_REQUIRED
1120,271,FSD3583.zip,zip,FAILED_LOGIN_REQUIRED
1121,272,FSD2309.zip,zip,FAILED_LOGIN_REQUIRED
1122,273,FSD3128.zip,zip,FAILED_LOGIN_REQUIRED
1123,274,FSD3672.zip,zip,FAILED_LOGIN_REQUIRED
1124,275,FSD3847.zip,zip,FAILED_LOGIN_REQUIRED
1125,276,FSD3044.zip,zip,FAILED_LOGIN_REQUIRED
1126,277,FSD2864.zip,zip,FAILED_LOGIN_REQUIRED
1127,278,FSD3585.zip,zip,FAILED_LOGIN_REQUIRED
1128,279,FSD3845.zip,zip,FAILED_LOGIN_REQUIRED
1129,280,FSD3300.zip,zip,FAILED_LOGIN_REQUIRED
1130,281,FSD2202.zip,zip,FAILED_LOGIN_REQUIRED
1131,282,FSD2383.zip,zip,FAILED_LOGIN_REQUIRED
1132,283,FSD3733.zip,zip,FAILED_LOGIN_REQUIRED
1133,284,FSD4014.zip,zip,FAILED_LOGIN_REQUIRED
1134,285,FSD3836.zip,zip,FAILED_LOGIN_REQUIRED
1135,286,FSD3022.zip,zip,FAILED_LOGIN_REQUIRED
1136,287,FSD2381.zip,zip,FAILED_LOGIN_REQUIRED
1137,288,FSD2317.zip,zip,FAILED_LOGIN_REQUIRED
1138,289,FSD3549.zip,zip,FAILED_LOGIN_REQUIRED
1139,290,FSD3414.zip,zip,FAILED_LOGIN_REQUIRED
1140,291,FSD2568.zip,zip,FAILED_LOGIN_REQUIRED
1141,292,FSD2461.zip,zip,FAILED_LOGIN_REQUIRED
1142,293,FSD2549.zip,zip,FAILED_LOGIN_REQUIRED
1143,294,FSD2641.zip,zip,FAILED_LOGIN_REQUIRED
1144,295,FSD2247.zip,zip,FAILED_LOGIN_REQUIRED
1145,296,FSD1286.zip,zip,FAILED_LOGIN_REQUIRED
1146,297,FSD3169.zip,zip,FAILED_LOGIN_REQUIRED
1147,298,FSD3589.zip,zip,FAILED_LOGIN_REQUIRED
1148,299,FSD3311.zip,zip,FAILED_LOGIN_REQUIRED
1149,300,FSD2195.zip,zip,FAILED_LOGIN_REQUIRED
1150,301,FSD3823.zip,zip,FAILED_LOGIN_REQUIRED
1151,302,FSD3309.zip,zip,FAILED_LOGIN_REQUIRED
1152,303,FSD3207.zip,zip,FAILED_LOGIN_REQUIRED
1153,304,FSD3573.zip,zip,FAILED_LOGIN_REQUIRED
1154,305,FSD1296.zip,zip,FAILED_LOGIN_REQUIRED
1155,306,FSD2545.zip,zip,FAILED_LOGIN_REQUIRED
1156,307,FSD3125.zip,zip,FAILED_LOGIN_REQUIRED
1157,308,FSD3147.zip,zip,FAILED_LOGIN_REQUIRED
1158,309,FSD3339.zip,zip,FAILED_LOGIN_REQUIRED
1159,310,FSD2818.zip,zip,FAILED_LOGIN_REQUIRED
1160,311,FSD3880.zip,zip,FAILED_LOGIN_REQUIRED
1161,312,FSD2757.zip,zip,FAILED_LOGIN_REQUIRED
1162,313,FSD3405.zip,zip,FAILED_LOGIN_REQUIRED
1163,314,FSD2689.zip,zip,FAILED_LOGIN_REQUIRED
1164,315,FSD2727.zip,zip,FAILED_LOGIN_REQUIRED
1165,316,FSD3563.zip,zip,FAILED_LOGIN_REQUIRED
1166,317,FSD2016.zip,zip,FAILED_LOGIN_REQUIRED
1167,318,FSD2740.zip,zip,FAILED_LOGIN_REQUIRED
1168,319,FSD3479.zip,zip,FAILED_LOGIN_REQUIRED
1169,320,FSD3816.zip,zip,FAILED_LOGIN_REQUIRED
1170,321,FSD2831.zip,zip,FAILED_LOGIN_REQUIRED
1171,322,FSD3874.zip,zip,FAILED_LOGIN_REQUIRED
1172,323,FSD3354.zip,zip,FAILED_LOGIN_REQUIRED
1173,324,FSD3923.zip,zip,FAILED_LOGIN_REQUIRED
1174,325,FSD2633.zip,zip,FAILED_LOGIN_REQUIRED
1175,326,FSD2625.zip,zip,FAILED_LOGIN_REQUIRED
1176,327,FSD1306.zip,zip,FAILED_LOGIN_REQUIRED
1177,328,FSD3278.zip,zip,FAILED_LOGIN_REQUIRED
1178,329,FSD3610.zip,zip,FAILED_LOGIN_REQUIRED
1179,330,FSD3671.zip,zip,FAILED_LOGIN_REQUIRED
1180,331,FSD1290.zip,zip,FAILED_LOGIN_REQUIRED
1181,332,FSD2374.zip,zip,FAILED_LOGIN_REQUIRED
1182,333,FSD3659.zip,zip,FAILED_LOGIN_REQUIRED
1183,334,FSD3166.zip,zip,FAILED_LOGIN_REQUIRED
1184,335,FSD3392.zip,zip,FAILED_LOGIN_REQUIRED
1185,336,FSD2679.zip,zip,FAILED_LOGIN_REQUIRED
1186,337,FSD2952.zip,zip,FAILED_LOGIN_REQUIRED
1187,338,FSD3620.zip,zip,FAILED_LOGIN_REQUIRED
1188,339,FSD3726.zip,zip,FAILED_LOGIN_REQUIRED
1189,340,FSD1271.zip,zip,FAILED_LOGIN_REQUIRED
1190,341,FSD3088.zip,zip,FAILED_LOGIN_REQUIRED
1191,342,FSD2007.zip,zip,FAILED_LOGIN_REQUIRED
1192,343,FSD3973.zip,zip,FAILED_LOGIN_REQUIRED
1193,344,FSD1268.zip,zip,FAILED_LOGIN_REQUIRED
1194,345,FSD3747.zip,zip,FAILED_LOGIN_REQUIRED
1195,346,FSD3473.zip,zip,FAILED_LOGIN_REQUIRED
1196,347,FSD3029.zip,zip,FAILED_LOGIN_REQUIRED
1197,348,FSD3148.zip,zip,FAILED_LOGIN_REQUIRED
1198,349,FSD2308.zip,zip,FAILED_LOGIN_REQUIRED
1199,350,FSD3502.zip,zip,FAILED_LOGIN_REQUIRED
1200,351,FSD3453.zip,zip,FAILED_LOGIN_REQUIRED
1201,352,FSD2999.zip,zip,FAILED_LOGIN_REQUIRED
1202,353,FSD2437.zip,zip,FAILED_LOGIN_REQUIRED
1203,354,FSD2736.zip,zip,FAILED_LOGIN_REQUIRED
1204,355,FSD3911.zip,zip,FAILED_LOGIN_REQUIRED
1205,356,FSD2674.zip,zip,FAILED_LOGIN_REQUIRED
1206,357,FSD3139.zip,zip,FAILED_LOGIN_REQUIRED
1207,358,FSD3861.zip,zip,FAILED_LOGIN_REQUIRED
1208,359,FSD3828.zip,zip,FAILED_LOGIN_REQUIRED
1209,360,FSD3776.zip,zip,FAILED_LOGIN_REQUIRED
1210,361,FSD3409.zip,zip,FAILED_LOGIN_REQUIRED
1211,362,FSD2578.zip,zip,FAILED_LOGIN_REQUIRED
1212,363,FSD1281.zip,zip,FAILED_LOGIN_REQUIRED
1213,364,FSD3822.zip,zip,FAILED_LOGIN_REQUIRED
1214,365,FSD3475.zip,zip,FAILED_LOGIN_REQUIRED
1215,366,FSD3412.zip,zip,FAILED_LOGIN_REQUIRED
1216,367,FSD3542.zip,zip,FAILED_LOGIN_REQUIRED
1217,368,FSD3109.zip,zip,FAILED_LOGIN_REQUIRED
1218,369,FSD1298.zip,zip,FAILED_LOGIN_REQUIRED
1219,370,FSD3691.zip,zip,FAILED_LOGIN_REQUIRED
1220,371,FSD2373.zip,zip,FAILED_LOGIN_REQUIRED
1221,372,FSD3417.zip,zip,FAILED_LOGIN_REQUIRED
1222,373,FSD2715.zip,zip,FAILED_LOGIN_REQUIRED
1223,374,FSD3378.zip,zip,FAILED_LOGIN_REQUIRED
1224,375,FSD2199.zip,zip,FAILED_LOGIN_REQUIRED
1225,376,FSD2575.zip,zip,FAILED_LOGIN_REQUIRED
1226,377,FSD2823.zip,zip,FAILED_LOGIN_REQUIRED
1227,378,FSD2510.zip,zip,FAILED_LOGIN_REQUIRED
1228,379,FSD3243.zip,zip,FAILED_LOGIN_REQUIRED
1229,380,FSD3685.zip,zip,FAILED_LOGIN_REQUIRED
1230,381,FSD3087.zip,zip,FAILED_LOGIN_REQUIRED
1231,382,FSD3080.zip,zip,FAILED_LOGIN_REQUIRED
1232,383,FSD2508.zip,zip,FAILED_LOGIN_REQUIRED
1233,384,FSD2200.zip,zip,FAILED_LOGIN_REQUIRED
1234,385,FSD2785.zip,zip,FAILED_LOGIN_REQUIRED
1235,386,FSD2605.zip,zip,FAILED_LOGIN_REQUIRED
1236,387,FSD3141.zip,zip,FAILED_LOGIN_REQUIRED
1237,388,FSD3997.zip,zip,FAILED_LOGIN_REQUIRED
1238,389,FSD2103.zip,zip,FAILED_LOGIN_REQUIRED
1239,390,FSD3929.zip,zip,FAILED_LOGIN_REQUIRED
1240,391,FSD3410.zip,zip,FAILED_LOGIN_REQUIRED
1241,392,FSD2205.zip,zip,FAILED_LOGIN_REQUIRED
1242,393,FSD3995.zip,zip,FAILED_LOGIN_REQUIRED
1243,394,FSD3393.zip,zip,FAILED_LOGIN_REQUIRED
1244,395,FSD3293.zip,zip,FAILED_LOGIN_REQUIRED
1245,396,FSD3317.zip,zip,FAILED_LOGIN_REQUIRED
1246,397,FSD2795.zip,zip,FAILED_LOGIN_REQUIRED
1247,398,FSD3332.zip,zip,FAILED_LOGIN_REQUIRED
1248,399,FSD2515.zip,zip,FAILED_LOGIN_REQUIRED
1249,400,FSD3864.zip,zip,FAILED_LOGIN_REQUIRED
1250,401,FSD3290.zip,zip,FAILED_LOGIN_REQUIRED
1251,402,FSD2398.zip,zip,FAILED_LOGIN_REQUIRED
1252,403,FSD1280.zip,zip,FAILED_LOGIN_REQUIRED
1253,404,FSD3925.zip,zip,FAILED_LOGIN_REQUIRED
1254,405,FSD3489.zip,zip,FAILED_LOGIN_REQUIRED
1255,406,FSD2819.zip,zip,FAILED_LOGIN_REQUIRED
1256,407,FSD3408.zip,zip,FAILED_LOGIN_REQUIRED
1257,408,FSD2827.zip,zip,FAILED_LOGIN_REQUIRED
1258,409,FSD2104.zip,zip,FAILED_LOGIN_REQUIRED
1259,410,FSD2735.zip,zip,FAILED_LOGIN_REQUIRED
1260,411,FSD2378.zip,zip,FAILED_LOGIN_REQUIRED
1261,412,FSD2576.zip,zip,FAILED_LOGIN_REQUIRED
1262,413,FSD2196.zip,zip,FAILED_LOGIN_REQUIRED
1263,414,FSD3470.zip,zip,FAILED_LOGIN_REQUIRED
1264,415,FSD2577.zip,zip,FAILED_LOGIN_REQUIRED
1265,416,FSD1288.zip,zip,FAILED_LOGIN_REQUIRED
1266,417,FSD3621.zip,zip,FAILED_LOGIN_REQUIRED
1267,418,FSD3835.zip,zip,FAILED_LOGIN_REQUIRED
1268,419,FSD3474.zip,zip,FAILED_LOGIN_REQUIRED
1269,420,FSD2171.zip,zip,FAILED_LOGIN_REQUIRED
1270,421,FSD3824.zip,zip,FAILED_LOGIN_REQUIRED
1271,422,FSD2542.zip,zip,FAILED_LOGIN_REQUIRED
1272,423,FSD3341.zip,zip,FAILED_LOGIN_REQUIRED
1273,424,FSD1270.zip,zip,FAILED_LOGIN_REQUIRED
1274,425,FSD3697.zip,zip,FAILED_LOGIN_REQUIRED
1275,426,FSD3297.zip,zip,FAILED_LOGIN_REQUIRED
1276,427,FSD2333.zip,zip,FAILED_LOGIN_REQUIRED
1277,428,FSD3072.zip,zip,FAILED_LOGIN_REQUIRED
1278,429,FSD3427.zip,zip,FAILED_LOGIN_REQUIRED
1279,430,FSD3429.zip,zip,FAILED_LOGIN_REQUIRED
1280,431,FSD3857.zip,zip,FAILED_LOGIN_REQUIRED
1281,432,FSD2788.zip,zip,FAILED_LOGIN_REQUIRED
1282,433,FSD3374.zip,zip,FAILED_LOGIN_REQUIRED
1283,434,FSD3912.zip,zip,FAILED_LOGIN_REQUIRED
1284,435,FSD3016.zip,zip,FAILED_LOGIN_REQUIRED
1285,436,FSD3503.zip,zip,FAILED_LOGIN_REQUIRED
1286,437,FSD3903.zip,zip,FAILED_LOGIN_REQUIRED
1287,438,FSD3738.zip,zip,FAILED_LOGIN_REQUIRED
1288,439,FSD2413.zip,zip,FAILED_LOGIN_REQUIRED
1289,440,FSD1358.zip,zip,FAILED_LOGIN_REQUIRED
1290,441,FSD3818.zip,zip,FAILED_LOGIN_REQUIRED
1291,442,FSD3879.zip,zip,FAILED_LOGIN_REQUIRED
1292,443,FSD3301.zip,zip,FAILED_LOGIN_REQUIRED
1293,444,FSD2981.zip,zip,FAILED_LOGIN_REQUIRED
1294,445,FSD2713.zip,zip,FAILED_LOGIN_REQUIRED
1295,446,FSD2128.zip,zip,FAILED_LOGIN_REQUIRED
1296,447,FSD3342.zip,zip,FAILED_LOGIN_REQUIRED
1297,448,FSD4052.zip,zip,FAILED_LOGIN_REQUIRED
1298,449,FSD3395.zip,zip,FAILED_LOGIN_REQUIRED
1299,450,FSD3803.zip,zip,FAILED_LOGIN_REQUIRED
1300,451,FSD3312.zip,zip,FAILED_LOGIN_REQUIRED
1301,452,FSD3066.zip,zip,FAILED_LOGIN_REQUIRED
1302,453,FSD4009.zip,zip,FAILED_LOGIN_REQUIRED
1303,454,FSD2000.zip,zip,FAILED_LOGIN_REQUIRED
1304,455,FSD3075.zip,zip,FAILED_LOGIN_REQUIRED
1305,456,FSD3379.zip,zip,FAILED_LOGIN_REQUIRED
1306,457,FSD2607.zip,zip,FAILED_LOGIN_REQUIRED
1307,458,FSD3909.zip,zip,FAILED_LOGIN_REQUIRED
1308,459,FSD2388.zip,zip,FAILED_LOGIN_REQUIRED
1309,460,FSD2246.zip,zip,FAILED_LOGIN_REQUIRED
1310,461,FSD3723.zip,zip,FAILED_LOGIN_REQUIRED
1311,462,FSD3724.zip,zip,FAILED_LOGIN_REQUIRED
1312,463,FSD3326.zip,zip,FAILED_LOGIN_REQUIRED
1313,464,FSD3303.zip,zip,FAILED_LOGIN_REQUIRED
1314,465,FSD1297.zip,zip,FAILED_LOGIN_REQUIRED
1315,466,FSD2204.zip,zip,FAILED_LOGIN_REQUIRED
1316,467,FSD3020.zip,zip,FAILED_LOGIN_REQUIRED
1317,468,FSD3394.zip,zip,FAILED_LOGIN_REQUIRED
1318,469,FSD3458.zip,zip,FAILED_LOGIN_REQUIRED
1319,470,FSD3511.zip,zip,FAILED_LOGIN_REQUIRED
1320,471,FSD3947.zip,zip,FAILED_LOGIN_REQUIRED
1321,472,FSD3321.zip,zip,FAILED_LOGIN_REQUIRED
1322,473,FSD3734.zip,zip,FAILED_LOGIN_REQUIRED
1323,474,FSD2566.zip,zip,FAILED_LOGIN_REQUIRED
1324,475,FSD2517.zip,zip,FAILED_LOGIN_REQUIRED
1325,476,FSD2198.zip,zip,FAILED_LOGIN_REQUIRED
1326,477,FSD3735.zip,zip,FAILED_LOGIN_REQUIRED
1327,478,FSD2551.zip,zip,FAILED_LOGIN_REQUIRED
1328,479,FSD3040.zip,zip,FAILED_LOGIN_REQUIRED
1329,480,FSD3750.zip,zip,FAILED_LOGIN_REQUIRED
1330,481,FSD3798.zip,zip,FAILED_LOGIN_REQUIRED
1331,482,FSD2844.zip,zip,FAILED_LOGIN_REQUIRED
1332,483,FSD3368.zip,zip,FAILED_LOGIN_REQUIRED
1333,484,FSD3465.zip,zip,FAILED_LOGIN_REQUIRED
1334,485,FSD3140.zip,zip,FAILED_LOGIN_REQUIRED
1335,486,FSD2323.zip,zip,FAILED_LOGIN_REQUIRED
1336,487,FSD3895.zip,zip,FAILED_LOGIN_REQUIRED
1337,488,FSD2512.zip,zip,FAILED_LOGIN_REQUIRED
1338,489,FSD2926.zip,zip,FAILED_LOGIN_REQUIRED
1339,490,FSD3525.zip,zip,FAILED_LOGIN_REQUIRED
1340,491,FSD3838.zip,zip,FAILED_LOGIN_REQUIRED
1341,492,FSD3064.zip,zip,FAILED_LOGIN_REQUIRED
1342,493,FSD3208.zip,zip,FAILED_LOGIN_REQUIRED
1343,494,FSD3365.zip,zip,FAILED_LOGIN_REQUIRED
1344,495,FSD2144.zip,zip,FAILED_LOGIN_REQUIRED
1345,496,FSD3126.zip,zip,FAILED_LOGIN_REQUIRED
1346,497,FSD3653.zip,zip,FAILED_LOGIN_REQUIRED
1347,498,FSD3244.zip,zip,FAILED_LOGIN_REQUIRED
1348,499,FSD2775.zip,zip,FAILED_LOGIN_REQUIRED
1349,500,FSD3946.zip,zip,FAILED_LOGIN_REQUIRED
1350,501,FSD2815.zip,zip,FAILED_LOGIN_REQUIRED
1351,502,FSD2360.zip,zip,FAILED_LOGIN_REQUIRED
1352,503,FSD3362.zip,zip,FAILED_LOGIN_REQUIRED
1353,504,FSD3304.zip,zip,FAILED_LOGIN_REQUIRED
1354,505,FSD3655.zip,zip,FAILED_LOGIN_REQUIRED
1355,506,FSD3617.zip,zip,FAILED_LOGIN_REQUIRED
1356,507,FSD4016.zip,zip,FAILED_LOGIN_REQUIRED
1357,508,FSD3538.zip,zip,FAILED_LOGIN_REQUIRED
1358,509,FSD3437.zip,zip,FAILED_LOGIN_REQUIRED
1359,510,FSD2395.zip,zip,FAILED_LOGIN_REQUIRED
1360,511,FSD3584.zip,zip,FAILED_LOGIN_REQUIRED
1361,512,FSD1282.zip,zip,FAILED_LOGIN_REQUIRED
1362,513,FSD3375.zip,zip,FAILED_LOGIN_REQUIRED
1363,514,FSD3289.zip,zip,FAILED_LOGIN_REQUIRED
1364,515,FSD3267.zip,zip,FAILED_LOGIN_REQUIRED
1365,516,FSD2714.zip,zip,FAILED_LOGIN_REQUIRED
1366,517,FSD2692.zip,zip,FAILED_LOGIN_REQUIRED
1367,518,FSD3296.zip,zip,FAILED_LOGIN_REQUIRED
1368,519,FSD2206.zip,zip,FAILED_LOGIN_REQUIRED
1369,520,FSD1287.zip,zip,FAILED_LOGIN_REQUIRED
1370,521,FSD2632.zip,zip,FAILED_LOGIN_REQUIRED
1371,522,FSD3226.zip,zip,FAILED_LOGIN_REQUIRED
1372,523,FSD3934.zip,zip,FAILED_LOGIN_REQUIRED
1373,524,FSD2920.zip,zip,FAILED_LOGIN_REQUIRED
1374,525,FSD2505.zip,zip,FAILED_LOGIN_REQUIRED
1375,526,FSD2194.zip,zip,FAILED_LOGIN_REQUIRED
1376,527,FSD2306.zip,zip,FAILED_LOGIN_REQUIRED
1377,528,FSD3737.zip,zip,FAILED_LOGIN_REQUIRED
1378,529,FSD3406.zip,zip,FAILED_LOGIN_REQUIRED
1379,530,FSD3945.zip,zip,FAILED_LOGIN_REQUIRED
1380,531,FSD2142.zip,zip,FAILED_LOGIN_REQUIRED
1381,532,FSD2307.zip,zip,FAILED_LOGIN_REQUIRED
1382,533,FSD3391.zip,zip,FAILED_LOGIN_REQUIRED
1383,534,FSD2691.zip,zip,FAILED_LOGIN_REQUIRED
1384,535,FSD3996.zip,zip,FAILED_LOGIN_REQUIRED
1385,536,FSD3079.zip,zip,FAILED_LOGIN_REQUIRED
1386,537,FSD3695.zip,zip,FAILED_LOGIN_REQUIRED
1387,538,FSD1359.zip,zip,FAILED_LOGIN_REQUIRED
1388,539,FSD3363.zip,zip,FAILED_LOGIN_REQUIRED
1389,540,FSD2780.zip,zip,FAILED_LOGIN_REQUIRED
1390,541,FSD3608.zip,zip,FAILED_LOGIN_REQUIRED
1391,542,FSD3349.zip,zip,FAILED_LOGIN_REQUIRED
1392,543,FSD3302.zip,zip,FAILED_LOGIN_REQUIRED
1393,544,FSD2776.zip,zip,FAILED_LOGIN_REQUIRED
1394,545,FSD2197.zip,zip,FAILED_LOGIN_REQUIRED
1395,546,FSD3974.zip,zip,FAILED_LOGIN_REQUIRED
1396,547,FSD3214.zip,zip,FAILED_LOGIN_REQUIRED
1397,548,FSD3910.zip,zip,FAILED_LOGIN_REQUIRED
1398,549,FSD3359.zip,zip,FAILED_LOGIN_REQUIRED
1399,550,FSD1325.zip,zip,FAILED_LOGIN_REQUIRED
1400,551,FSD2845.zip,zip,FAILED_LOGIN_REQUIRED
1401,552,FSD3954.zip,zip,FAILED_LOGIN_REQUIRED
1402,553,FSD3876.zip,zip,FAILED_LOGIN_REQUIRED
1403,554,FSD3732.zip,zip,FAILED_LOGIN_REQUIRED
1404,555,FSD3843.zip,zip,FAILED_LOGIN_REQUIRED
1405,556,FSD3956.zip,zip,FAILED_LOGIN_REQUIRED
1406,557,FSD1249.zip,zip,FAILED_LOGIN_REQUIRED
1407,558,FSD2299.zip,zip,FAILED_LOGIN_REQUIRED
1408,559,FSD3476.zip,zip,FAILED_LOGIN_REQUIRED
1409,560,FSD2781.zip,zip,FAILED_LOGIN_REQUIRED
1410,561,FSD2221.zip,zip,FAILED_LOGIN_REQUIRED
1411,562,FSD3545.zip,zip,FAILED_LOGIN_REQUIRED
1412,563,FSD3696.zip,zip,FAILED_LOGIN_REQUIRED
1413,564,FSD3972.zip,zip,FAILED_LOGIN_REQUIRED
1414,565,FSD2318.zip,zip,FAILED_LOGIN_REQUIRED
1415,566,FSD2127.zip,zip,FAILED_LOGIN_REQUIRED
1416,567,FSD2843.zip,zip,FAILED_LOGIN_REQUIRED
1417,568,FSD2387.zip,zip,FAILED_LOGIN_REQUIRED
1418,569,FSD1254.zip,zip,FAILED_LOGIN_REQUIRED
1419,570,FSD3892.zip,zip,FAILED_LOGIN_REQUIRED
1420,571,FSD2126.zip,zip,FAILED_LOGIN_REQUIRED
1421,572,FSD3145.zip,zip,FAILED_LOGIN_REQUIRED
1422,573,FSD1251.zip,zip,FAILED_LOGIN_REQUIRED
1423,574,FSD3705.zip,zip,FAILED_LOGIN_REQUIRED
1424,575,FSD3576.zip,zip,FAILED_LOGIN_REQUIRED
1425,576,FSD2182.zip,zip,FAILED_LOGIN_REQUIRED
1426,577,FSD1283.zip,zip,FAILED_LOGIN_REQUIRED
1427,578,FSD3065.zip,zip,FAILED_LOGIN_REQUIRED
1428,579,FSD2717.zip,zip,FAILED_LOGIN_REQUIRED
1429,580,FSD3295.zip,zip,FAILED_LOGIN_REQUIRED
1430,581,FSD3236.zip,zip,FAILED_LOGIN_REQUIRED
1431,582,FSD3225.zip,zip,FAILED_LOGIN_REQUIRED
1432,583,FSD3850.zip,zip,FAILED_LOGIN_REQUIRED
1433,584,FSD2759.zip,zip,FAILED_LOGIN_REQUIRED
1434,585,FSD1293.zip,zip,FAILED_LOGIN_REQUIRED
1435,586,FSD2291.zip,zip,FAILED_LOGIN_REQUIRED
1436,587,FSD2882.zip,zip,FAILED_LOGIN_REQUIRED
1437,588,FSD3403.zip,zip,FAILED_LOGIN_REQUIRED
1438,589,FSD3299.zip,zip,FAILED_LOGIN_REQUIRED
1439,590,FSD2506.zip,zip,FAILED_LOGIN_REQUIRED
1440,591,FSD2371.zip,zip,FAILED_LOGIN_REQUIRED
1441,592,FSD2739.zip,zip,FAILED_LOGIN_REQUIRED
1442,593,FSD3998.zip,zip,FAILED_LOGIN_REQUIRED
1443,594,FSD2883.zip,zip,FAILED_LOGIN_REQUIRED
1444,595,FSD2141.zip,zip,FAILED_LOGIN_REQUIRED
1445,596,FSD3426.zip,zip,FAILED_LOGIN_REQUIRED
1446,597,FSD3603.zip,zip,FAILED_LOGIN_REQUIRED
1447,598,FSD3351.zip,zip,FAILED_LOGIN_REQUIRED
1448,599,FSD3343.zip,zip,FAILED_LOGIN_REQUIRED
1449,600,FSD3524.zip,zip,FAILED_LOGIN_REQUIRED
1450,601,FSD3460.zip,zip,FAILED_LOGIN_REQUIRED
1451,602,FSD3411.zip,zip,FAILED_LOGIN_REQUIRED
1452,603,FSD3344.zip,zip,FAILED_LOGIN_REQUIRED
1453,604,FSD2784.zip,zip,FAILED_LOGIN_REQUIRED
1454,605,FSD1304.zip,zip,FAILED_LOGIN_REQUIRED
1455,606,FSD2426.zip,zip,FAILED_LOGIN_REQUIRED
1456,607,FSD2394.zip,zip,FAILED_LOGIN_REQUIRED
1457,608,FSD2203.zip,zip,FAILED_LOGIN_REQUIRED
1458,609,FSD3019.zip,zip,FAILED_LOGIN_REQUIRED
1459,610,FSD3294.zip,zip,FAILED_LOGIN_REQUIRED
1460,611,FSD3361.zip,zip,FAILED_LOGIN_REQUIRED
1461,612,FSD3514.zip,zip,FAILED_LOGIN_REQUIRED
1462,613,FSD2518.zip,zip,FAILED_LOGIN_REQUIRED
1463,614,FSD2471.zip,zip,FAILED_LOGIN_REQUIRED
1464,615,FSD2716.zip,zip,FAILED_LOGIN_REQUIRED
1465,616,FSD2403.zip,zip,FAILED_LOGIN_REQUIRED
1466,617,FSD1267.zip,zip,FAILED_LOGIN_REQUIRED
1467,618,FSD3619.zip,zip,FAILED_LOGIN_REQUIRED
1468,619,FSD2965.zip,zip,FAILED_LOGIN_REQUIRED
1469,620,FSD4013.zip,zip,FAILED_LOGIN_REQUIRED
1470,621,FSD3416.zip,zip,FAILED_LOGIN_REQUIRED
1471,622,FSD3222.zip,zip,FAILED_LOGIN_REQUIRED
1472,623,FSD3180.zip,zip,FAILED_LOGIN_REQUIRED
1473,624,FSD2193.zip,zip,FAILED_LOGIN_REQUIRED
1474,625,FSD2842.zip,zip,FAILED_LOGIN_REQUIRED
1475,626,FSD3241.zip,zip,FAILED_LOGIN_REQUIRED
1476,627,FSD3751.zip,zip,FAILED_LOGIN_REQUIRED
1477,628,FSD2327.zip,zip,FAILED_LOGIN_REQUIRED
1478,629,FSD2639.zip,zip,FAILED_LOGIN_REQUIRED
1479,630,FSD2851.zip,zip,FAILED_LOGIN_REQUIRED
1480,631,FSD2305.zip,zip,FAILED_LOGIN_REQUIRED
1481,632,FSD3948.zip,zip,FAILED_LOGIN_REQUIRED
1482,633,FSD2139.zip,zip,FAILED_LOGIN_REQUIRED
1483,634,FSD3370.zip,zip,FAILED_LOGIN_REQUIRED
1484,635,FSD3607.zip,zip,FAILED_LOGIN_REQUIRED
1485,636,FSD2963.zip,zip,FAILED_LOGIN_REQUIRED
1486,637,FSD3564.zip,zip,FAILED_LOGIN_REQUIRED
1487,638,FSD3775.zip,zip,FAILED_LOGIN_REQUIRED
1488,639,FSD3165.zip,zip,FAILED_LOGIN_REQUIRED
1489,640,FSD3218.zip,zip,FAILED_LOGIN_REQUIRED
1490,641,FSD2594.zip,zip,FAILED_LOGIN_REQUIRED
1491,642,FSD3520.zip,zip,FAILED_LOGIN_REQUIRED
1492,643,FSD3778.zip,zip,FAILED_LOGIN_REQUIRED
1493,644,FSD3486.zip,zip,FAILED_LOGIN_REQUIRED
1494,645,FSD3298.zip,zip,FAILED_LOGIN_REQUIRED
1495,646,FSD3660.zip,zip,FAILED_LOGIN_REQUIRED
1496,647,FSD3678.zip,zip,FAILED_LOGIN_REQUIRED
1497,648,FSD3407.zip,zip,FAILED_LOGIN_REQUIRED
1498,649,FSD3082.zip,zip,FAILED_LOGIN_REQUIRED
